player,player_id,position,team_name,player_game_count,avg_depth_of_target,avoided_tackles,caught_percent,contested_catch_rate,contested_receptions,contested_targets,declined_penalties,drop_rate,drops,first_downs,franchise_id,fumbles,grades_hands_drop,grades_hands_fumble,grades_offense,grades_pass_block,grades_pass_route,inline_rate,inline_snaps,interceptions,longest,pass_block_rate,pass_blocks,pass_plays,penalties,receptions,route_rate,routes,slot_rate,slot_snaps,targeted_qb_rating,targets,touchdowns,wide_rate,wide_snaps,yards,yards_after_catch,yards_after_catch_per_reception,yards_per_reception,yprr
Torry Holt,441,WR,SL,16,14.5,4,53.1,,0,0,4,6.9,7,68,26,2,69.6,29.9,80.7,,80.5,0.0,0,4,67,0.0,0,673,6,94,95.1,640,13.7,92,84.9,177,10,86.3,581,1237,297,3.2,13.2,1.93
Donald Driver,533,WR,GB,16,12.0,13,55.8,,0,0,0,7.1,7,53,12,1,65.3,58.8,80.7,,81.0,0.2,1,5,82,0.0,0,647,2,92,95.7,619,62.9,407,84.8,165,8,36.8,238,1297,524,5.7,14.1,2.1
Andre Johnson,1319,WR,HST,16,10.2,14,65.6,,0,0,0,8.0,9,56,13,0,58.6,84.0,79.9,,79.6,0.6,3,9,53,0.0,0,541,4,103,95.4,516,28.3,153,74.1,157,5,70.8,383,1155,438,4.3,11.2,2.24
Roy Williams,1728,WR,DET,16,16.6,10,55.4,,0,0,0,5.7,5,69,11,2,74.3,28.7,88.4,65.7,87.8,0.0,0,6,60,0.2,1,642,1,82,94.5,607,11.8,76,84.0,148,7,88.2,566,1311,324,4.0,16.0,2.16
Laveranues Coles,638,WR,NYJ,16,11.0,12,63.0,,0,0,0,1.1,1,52,22,1,90.4,56.8,83.5,,82.4,0.2,1,4,58,0.0,0,537,2,92,94.6,508,21.0,113,88.6,146,6,78.6,422,1111,310,3.4,12.1,2.19
Anquan Boldin,1369,WR,ARZ,16,11.2,27,56.8,,0,0,0,3.5,3,53,1,1,85.2,82.7,82.6,,83.7,0.0,0,9,64,0.0,0,618,5,83,95.6,591,32.0,198,67.2,146,4,66.7,412,1203,491,5.9,14.5,2.04
Chad Johnson,806,WR,CIN,16,15.1,3,60.8,,0,0,1,7.4,7,67,7,0,65.9,83.3,87.5,,89.5,0.0,0,5,74,0.0,0,577,5,87,95.7,552,6.8,39,94.6,143,7,93.2,538,1375,318,3.7,15.8,2.49
Terrell Owens,188,WR,DAL,16,13.6,19,58.7,,0,0,0,16.0,16,61,9,0,29.4,82.8,81.8,68.7,83.1,0.8,5,5,56,0.3,2,597,7,84,92.0,549,18.8,112,100.9,143,13,79.7,476,1171,363,4.3,13.9,2.13
Marvin Harrison,162,WR,IND,16,14.4,6,66.9,,0,0,0,5.9,6,78,14,1,73.9,56.1,86.7,,86.6,0.0,0,3,68,0.0,0,597,2,95,95.8,572,2.8,17,117.3,142,12,97.2,580,1366,285,3.0,14.4,2.39
Chris Chambers,821,WR,MIA,16,13.5,9,41.8,,0,0,0,15.7,11,39,17,0,33.3,81.5,66.9,,64.7,0.0,0,10,46,0.0,0,653,0,59,96.0,627,7.5,49,36.9,141,4,92.2,602,677,195,3.3,11.5,1.08
Mike Furrey,726,WR,DET,16,10.0,3,73.1,,0,0,0,4.9,5,57,11,1,75.8,57.4,76.3,,77.3,0.0,0,7,31,0.0,0,674,6,98,95.0,640,57.4,387,89.9,134,6,42.0,283,1085,281,2.9,11.1,1.7
Steve Smith,837,WR,CAR,14,12.3,14,62.4,,0,0,0,9.8,9,50,5,0,54.8,57.2,85.5,,85.1,0.0,0,6,72,0.0,0,485,1,83,96.7,469,23.3,113,91.9,133,8,76.7,372,1166,454,5.5,14.0,2.49
Reggie Wayne,800,WR,IND,16,14.5,4,65.6,,0,0,1,7.5,7,72,14,1,61.1,54.1,90.2,,90.2,0.0,0,2,51,0.0,0,594,4,86,96.0,570,17.5,104,115.1,131,9,82.5,490,1314,203,2.4,15.3,2.31
Lee Evans,1734,WR,BUF,16,14.9,7,62.6,,0,0,2,3.5,3,53,4,1,85.0,52.5,84.7,,84.3,0.0,0,7,83,0.0,0,491,4,82,96.3,473,8.6,42,93.5,131,8,91.4,449,1293,363,4.4,15.8,2.73
T.J. Houshmandzadeh,921,WR,CIN,14,9.7,11,69.8,,0,0,0,3.2,3,58,7,0,87.5,83.1,88.4,,88.9,0.2,1,3,40,0.0,0,500,1,90,95.6,478,60.8,304,108.7,129,9,38.2,191,1081,325,3.6,12.0,2.26
Joey Galloway,117,WR,TB,16,15.5,4,48.4,,0,0,0,12.9,9,44,30,0,41.1,80.9,71.4,67.5,72.1,0.0,0,9,64,0.2,1,582,2,61,96.7,563,21.6,126,66.1,126,7,78.2,455,1057,275,4.5,17.3,1.88
Braylon Edwards,2220,WR,CLV,16,13.5,11,50.4,,0,0,0,15.3,11,38,8,0,30.2,81.0,67.4,,65.7,0.3,2,11,75,0.0,0,612,0,61,95.1,582,37.9,232,53.2,121,6,61.1,374,884,315,5.2,14.5,1.52
Plaxico Burress,586,WR,NYG,15,14.1,5,52.5,,0,0,2,8.7,6,44,21,2,67.1,23.7,76.4,,77.1,0.0,0,8,55,0.0,0,516,7,63,95.3,492,17.8,92,80.1,120,10,82.2,424,988,222,3.5,15.7,2.01
Isaac Bruce,80,WR,SL,16,13.1,4,61.3,,0,0,1,5.2,4,53,26,0,76.5,81.7,74.0,62.3,74.6,0.0,0,2,44,0.2,1,621,5,73,94.5,587,10.0,62,91.5,119,3,90.0,559,1053,252,3.5,14.4,1.79
Jerricho Cotchery,1829,WR,NYJ,16,9.0,10,68.1,,0,0,0,6.9,6,52,22,0,69.4,82.5,79.2,,78.1,0.2,1,1,71,0.0,0,532,1,81,94.7,504,49.6,264,105.3,119,6,47.2,251,949,350,4.3,11.7,1.88
Javon Walker,1027,WR,DEN,16,14.2,11,59.0,,0,0,0,9.2,7,53,10,0,56.4,82.3,84.2,,83.3,0.0,0,3,83,0.0,0,460,2,69,96.5,444,9.6,44,101.9,117,8,90.4,416,1084,346,5.0,15.7,2.44
Kellen Winslow,1727,TE,CLV,16,7.2,14,76.1,,0,0,0,5.3,5,42,8,1,77.5,55.0,69.3,75.7,76.9,45.9,281,4,40,9.8,60,612,7,89,84.8,519,40.4,247,90.9,117,3,12.3,75,875,343,3.9,9.8,1.69
Hines Ward,380,WR,PIT,14,11.1,5,63.8,,0,0,0,3.9,3,49,25,2,81.9,27.6,84.2,65.9,81.3,0.9,5,4,70,0.2,1,531,1,74,96.8,514,45.4,241,93.2,116,6,52.7,280,976,351,4.7,13.2,1.9
Keyshawn Johnson,153,WR,CAR,16,11.9,4,60.3,,0,0,0,4.1,3,42,5,1,86.5,48.1,76.0,56.1,74.7,1.0,6,6,40,0.7,4,575,7,70,95.5,549,44.5,256,72.0,116,4,54.4,313,826,222,3.2,11.8,1.5
Todd Heap,801,TE,BLT,16,8.6,4,65.2,,0,0,0,1.4,1,40,3,0,90.4,81.5,79.0,63.5,81.5,66.0,379,2,30,11.0,63,574,5,73,85.0,488,25.1,144,95.3,112,6,7.1,41,765,256,3.5,10.5,1.57
Marques Colston,3197,WR,NO,14,10.9,5,64.2,,0,0,0,10.3,8,51,20,0,58.2,81.4,81.5,66.8,81.5,0.0,0,3,86,0.2,1,464,3,70,96.3,447,47.0,218,108.3,109,8,52.8,245,1038,354,5.1,14.8,2.32
Larry Fitzgerald,1724,WR,ARZ,13,12.4,5,63.3,,0,0,1,6.8,5,52,1,0,69.0,81.3,84.2,,83.2,0.4,2,4,57,0.0,0,459,3,69,95.4,438,16.3,75,94.1,109,6,83.0,381,946,208,3.0,13.7,2.16
Reggie Bush,2947,HB,NO,16,0.9,19,80.7,,0,0,0,7.4,7,32,20,0,66.2,68.5,64.7,54.8,77.8,0.2,1,0,74,10.4,43,415,1,88,86.7,360,21.0,87,101.1,109,2,17.6,73,742,712,8.1,8.4,2.06
Terry Glenn,156,WR,DAL,15,13.4,4,64.8,,0,0,2,2.8,2,47,9,0,74.8,81.7,78.8,70.3,79.3,0.4,2,8,54,0.4,2,526,5,70,92.6,487,21.9,115,84.2,108,6,76.8,404,1048,263,3.8,15.0,2.15
Muhsin Muhammad,173,WR,CHI,16,13.1,5,55.6,,0,0,0,4.8,3,45,6,1,77.0,43.8,76.5,,75.9,0.2,1,2,40,0.0,0,524,6,60,95.0,498,13.9,73,89.4,108,5,85.3,447,863,176,2.9,14.4,1.73
Derrick Mason,271,WR,BLT,16,10.4,7,63.6,,0,0,0,2.9,2,45,3,1,86.4,58.2,74.6,,75.1,0.7,4,5,38,0.0,0,560,2,68,95.7,536,13.0,73,71.0,107,2,86.1,482,750,169,2.5,11.0,1.4
Steven Jackson,1745,HB,SL,16,0.4,23,84.1,,0,0,0,7.2,7,31,26,2,62.5,67.0,66.7,73.4,66.6,0.2,1,1,64,22.1,120,543,0,90,73.8,401,0.7,4,103.5,107,3,0.4,2,806,768,8.5,9.0,2.01
Jeremy Shockey,1021,TE,NYG,15,8.4,4,62.3,,0,0,0,9.6,7,37,21,0,54.8,80.8,73.7,74.4,70.3,58.1,290,2,25,10.8,54,499,10,66,84.8,423,37.3,186,92.6,106,7,4.6,23,623,192,2.9,9.4,1.47
Brian Westbrook,1094,HB,PHI,15,2.6,14,72.6,,0,0,0,8.3,7,30,24,1,61.2,75.6,69.6,78.1,72.8,0.4,2,1,52,13.7,65,475,3,77,83.8,398,8.6,41,98.8,106,4,7.6,36,700,622,8.1,9.1,1.76
Darrell Jackson,639,WR,SEA,13,13.6,9,59.4,,0,0,0,11.3,8,46,29,1,47.2,44.8,74.4,,74.8,0.2,1,8,72,0.0,0,469,2,63,96.4,452,35.0,164,89.7,106,10,64.4,302,968,258,4.1,15.4,2.14
Antonio Gates,1609,TE,SD,16,10.9,8,67.6,,0,0,0,2.7,2,49,27,0,86.7,81.3,84.7,69.9,86.4,34.9,175,2,57,6.8,34,502,2,71,90.8,456,43.4,218,115.7,105,9,17.9,90,924,295,4.2,13.0,2.03
Mark Clayton,2239,WR,BLT,16,10.4,2,63.8,,0,0,0,5.6,4,42,3,0,73.6,82.1,72.1,,72.8,0.4,2,3,87,0.0,0,487,1,67,95.9,467,43.9,214,96.5,105,5,53.8,262,939,368,5.5,14.0,2.01
Greg Jennings,2997,WR,GB,14,14.1,11,43.7,,0,0,0,10.0,5,31,12,1,55.6,33.8,62.9,,62.2,0.0,0,4,75,0.0,0,517,1,45,95.7,495,11.0,57,57.6,103,3,89.0,460,632,267,5.9,14.0,1.28
Bernard Berrian,1799,WR,CHI,15,16.5,5,53.0,,0,0,0,8.6,5,33,6,1,60.6,40.9,72.4,,73.0,0.0,0,5,62,0.0,0,416,2,53,95.2,396,5.8,24,78.9,100,6,94.2,392,804,226,4.3,15.2,2.03
Tony Gonzalez,237,TE,KC,15,9.7,10,74.5,,0,0,1,3.9,3,53,16,1,82.6,49.6,91.7,66.6,91.3,64.0,308,1,57,8.1,39,481,6,73,89.0,428,27.7,133,115.2,98,5,7.7,37,900,290,4.0,12.3,2.1
Deion Branch,1072,WR,SEA,14,12.7,2,54.6,,0,0,0,15.9,10,41,29,0,29.1,80.5,66.1,61.6,66.4,0.0,0,5,38,0.2,1,494,4,53,95.1,470,10.7,53,71.0,97,4,89.3,441,725,180,3.4,13.7,1.54
Santana Moss,786,WR,WAS,14,13.1,12,56.7,,0,0,0,5.2,3,36,32,1,81.2,26.1,77.3,,79.7,0.0,0,6,68,0.0,0,413,7,55,95.9,396,18.2,75,78.1,97,6,81.1,335,790,238,4.3,14.4,1.99
Reche Caldwell,1055,WR,NE,16,11.5,5,64.2,,0,0,0,9.0,6,41,19,2,65.8,26.5,68.1,,68.1,0.0,0,1,62,0.0,0,526,5,61,95.1,500,12.9,68,98.7,95,4,87.1,458,762,198,3.2,12.5,1.52
Alge Crumpler,805,TE,ATL,16,11.0,3,59.6,,0,0,0,13.8,9,39,2,0,42.5,79.9,73.2,75.2,72.7,55.7,295,3,46,14.2,75,530,4,56,82.8,439,33.2,176,101.4,94,8,4.9,26,780,253,4.5,13.9,1.78
Wes Welker,2204,WR,MIA,16,7.4,8,71.3,,0,0,0,8.2,6,33,17,0,61.2,80.9,66.1,61.6,65.8,0.2,1,4,38,0.2,1,505,1,67,96.0,485,86.7,438,77.7,94,1,12.7,64,687,271,4.0,10.3,1.42
Eddie Kennison,161,WR,KC,16,15.4,2,57.0,,0,0,0,5.4,3,41,16,0,73.7,80.4,75.4,,75.9,0.2,1,4,51,0.0,0,477,0,53,96.6,461,19.7,94,88.1,93,5,79.7,380,860,153,2.9,16.2,1.87
Drew Bennett,941,WR,TEN,16,15.1,6,50.0,,0,0,0,11.5,6,36,31,2,48.2,23.7,70.6,,70.4,0.2,1,4,39,0.0,0,466,2,46,95.9,447,14.2,66,69.9,92,3,85.6,399,737,157,3.4,16.0,1.65
Randy McMichael,1114,TE,MIA,16,7.3,11,68.1,,0,0,0,11.4,8,36,17,0,47.8,80.7,65.0,69.4,65.1,62.7,391,4,24,20.2,126,624,4,62,76.4,477,24.7,154,80.8,91,3,1.9,12,640,297,4.8,10.3,1.34
Rod Smith,111,WR,DEN,16,10.3,4,57.8,,0,0,0,10.3,6,33,10,2,52.3,24.8,61.9,,60.4,0.0,0,6,20,0.0,0,445,0,52,96.0,427,50.6,225,57.3,90,3,49.2,219,512,148,2.8,9.8,1.2
Randy Moss,342,WR,OAK,13,16.0,5,46.7,,0,0,1,20.8,11,29,23,0,27.6,78.4,60.5,,61.1,0.0,0,6,51,0.0,0,424,4,42,94.6,401,19.3,82,49.9,90,3,80.7,342,553,122,2.9,13.2,1.38
Ronald Curry,1199,WR,OAK,16,9.7,7,69.7,,0,0,1,3.1,2,40,23,0,84.0,80.9,80.5,,80.5,0.0,0,6,39,0.0,0,373,2,62,95.2,355,62.7,234,69.8,89,1,37.0,138,727,211,3.4,11.7,2.05
Jason Witten,1384,TE,DAL,16,9.6,7,72.7,,0,0,0,3.0,2,37,9,0,79.3,80.9,85.3,67.7,79.7,66.7,402,5,42,24.2,146,603,7,64,69.5,419,22.9,138,78.5,88,1,5.1,31,754,245,3.8,11.8,1.8
Marty Booker,487,WR,MIA,14,11.2,3,63.2,,0,0,0,6.8,4,36,17,0,69.4,80.7,73.1,,71.7,0.0,0,1,52,0.0,0,462,2,55,95.5,441,6.9,32,108.7,87,6,93.1,430,747,276,5.0,13.6,1.69
Chris Cooley,1802,TE,WAS,16,7.8,14,66.3,,0,0,1,9.5,6,33,32,0,57.2,80.3,76.7,77.3,78.5,64.8,329,2,66,21.3,108,508,6,57,73.8,375,25.0,127,106.5,86,6,5.7,29,735,406,7.1,12.9,1.96
Benjamin Watson,1753,TE,NE,13,11.8,6,58.3,,0,0,1,12.5,7,31,19,3,43.3,21.0,67.9,54.9,66.6,38.9,173,4,40,13.3,59,445,3,49,83.6,372,57.1,254,74.7,84,3,2.5,11,643,204,4.2,13.1,1.73
Reggie Williams,1730,WR,JAX,16,8.4,9,61.9,,0,0,1,13.3,8,28,15,0,40.6,43.7,65.7,62.3,65.0,0.2,1,5,48,0.2,1,455,6,52,95.4,434,44.8,204,75.3,84,4,54.9,250,616,267,5.1,11.8,1.42
Antonio Bryant,1070,WR,SF,14,17.8,4,48.2,,0,0,0,4.8,2,32,28,0,76.0,78.5,71.9,,71.1,0.0,0,10,72,0.0,0,439,5,40,94.3,414,8.9,39,51.5,83,3,91.1,400,733,166,4.2,18.3,1.77
Reggie Brown,2252,WR,PHI,16,15.3,7,55.4,,0,0,0,19.3,11,33,24,0,27.9,79.5,63.7,71.0,61.7,2.7,15,3,60,0.5,3,548,3,46,96.4,528,16.1,88,106.3,83,8,81.0,444,816,195,4.2,17.7,1.55
Santonio Holmes,2970,WR,PIT,16,12.5,4,59.0,,0,0,0,5.8,3,41,25,0,78.4,79.3,80.1,,78.2,0.0,0,6,67,0.0,0,395,0,49,96.7,382,9.9,39,70.6,83,2,90.1,356,824,337,6.9,16.8,2.16
Travis Taylor,588,WR,MIN,16,10.1,3,69.5,,0,0,0,5.0,3,29,18,0,70.8,80.6,61.5,,61.5,0.3,2,4,36,0.0,0,574,7,57,95.1,546,46.7,268,85.0,82,3,52.8,303,651,196,3.4,11.4,1.19
Arnaz Battle,1499,WR,SF,16,9.8,10,74.7,,0,0,0,1.7,1,36,28,1,90.8,45.8,76.1,46.8,74.4,1.5,7,1,56,0.4,2,471,2,59,94.1,443,50.7,239,108.4,79,3,47.6,224,695,251,4.3,11.8,1.57
Frank Gore,2282,HB,SF,16,0.6,12,77.2,,0,0,1,6.2,4,21,28,1,70.9,53.3,66.7,73.7,77.5,0.3,1,2,39,28.8,113,392,7,61,68.6,269,0.8,3,85.7,79,1,3.8,15,485,450,7.4,8.0,1.8
Michael Jenkins,1750,WR,ATL,16,14.4,1,49.4,,0,0,2,18.8,9,22,2,0,28.7,78.2,54.3,80.7,54.2,0.9,5,1,34,1.3,7,558,2,39,94.6,528,43.0,240,90.5,79,7,53.9,301,436,93,2.4,11.2,0.83
L.J. Smith,1376,TE,PHI,16,7.0,7,64.9,,0,0,1,12.3,7,29,24,0,44.8,79.3,70.5,70.2,70.0,79.6,378,1,65,24.4,116,475,3,50,72.2,343,13.3,63,105.5,77,5,5.9,28,611,305,6.1,12.2,1.78
Donte' Stallworth,1020,WR,PHI,12,15.0,5,50.0,,0,0,0,15.6,7,29,24,0,33.0,77.7,71.7,,71.1,0.0,0,1,84,0.0,0,387,1,38,97.2,376,3.9,15,99.9,76,5,96.1,372,725,203,5.3,19.1,1.93
Desmond Clark,529,TE,CHI,16,8.9,4,60.0,,0,0,0,8.2,4,35,6,0,69.3,78.8,79.2,66.0,81.4,81.6,387,7,33,16.2,77,474,3,45,79.3,376,14.6,69,74.6,75,6,1.5,7,626,213,4.7,13.9,1.66
Eric Moulds,165,WR,HST,16,7.2,8,77.0,,0,0,0,1.7,1,33,13,1,88.6,41.3,65.6,61.6,64.5,0.0,0,2,29,0.2,1,498,1,57,96.0,478,30.5,152,90.9,74,1,69.5,346,557,215,3.8,9.8,1.17
Kevin Jones,1751,HB,DET,12,-0.6,17,81.1,,0,0,0,9.1,6,26,11,1,59.7,32.3,45.0,65.8,70.7,0.5,2,2,26,23.4,100,427,5,60,73.3,313,2.3,10,93.0,74,2,2.8,12,508,530,8.8,8.5,1.62
LaDainian Tomlinson,777,HB,SD,16,-0.5,8,76.7,,0,0,0,8.2,5,22,27,0,62.9,82.1,72.9,65.7,69.5,0.0,0,0,51,26.9,133,494,2,56,70.2,347,2.4,12,108.7,73,3,6.5,32,508,536,9.6,9.1,1.46
Troy Williamson,2224,WR,MIN,14,14.9,3,51.4,,0,0,0,21.3,10,22,18,2,28.2,22.8,56.8,,56.7,0.3,1,3,46,0.0,0,375,3,37,94.4,354,5.3,20,53.9,72,0,94.4,354,455,194,5.2,12.3,1.29
Tiki Barber,245,HB,NYG,16,-0.3,9,80.6,,0,0,0,7.9,5,23,21,0,65.0,73.0,68.7,61.2,72.4,0.0,0,1,28,26.8,131,488,1,58,69.5,339,1.4,7,87.8,72,0,2.7,13,465,470,8.1,8.0,1.37
Michael Pittman,382,HB,TB,16,3.1,7,66.2,,0,0,1,14.5,8,15,30,0,37.4,85.5,58.0,69.1,57.6,0.0,0,1,25,23.6,86,364,4,47,73.6,268,6.6,24,75.1,71,0,15.4,56,405,297,6.3,8.6,1.51
Troy Brown,56,WR,NE,16,7.7,3,60.6,,0,0,1,10.4,5,28,19,0,54.0,78.9,61.6,,60.9,0.2,1,1,23,0.0,0,438,4,43,95.4,418,64.2,281,88.0,71,4,34.7,152,384,183,4.3,8.9,0.92
Chris Henry,2300,WR,CIN,13,16.4,3,51.4,,0,0,0,7.7,3,27,7,0,64.5,77.7,77.3,60.9,77.0,0.3,1,4,71,0.3,1,350,2,36,95.7,335,8.9,31,96.7,70,9,90.9,318,605,172,4.8,16.8,1.81
Eric Parker,1292,WR,SD,15,13.5,4,68.6,,0,0,0,4.0,2,35,27,0,77.8,79.4,86.3,,85.5,0.0,0,3,38,0.0,0,306,0,48,97.4,298,12.1,37,80.6,70,0,87.9,269,659,134,2.8,13.7,2.21
Matt Jones,2238,WR,JAX,14,16.1,5,58.6,,0,0,0,6.8,3,33,15,1,66.8,31.6,76.3,,78.0,0.0,0,2,49,0.0,0,293,4,41,97.6,286,11.9,35,96.3,70,4,88.1,258,643,177,4.3,15.7,2.25
Peerless Price,473,WR,BUF,16,8.3,3,71.0,,0,0,1,2.0,1,21,4,1,86.2,80.1,63.2,,63.1,0.0,0,2,25,0.0,0,464,4,49,96.6,448,15.3,71,88.0,69,3,84.5,392,402,134,2.7,8.2,0.9
Cedrick Wilson,901,WR,PIT,15,15.0,3,54.4,,0,0,0,9.8,4,25,25,1,56.2,22.7,64.2,,63.8,0.0,0,6,38,0.0,0,428,1,37,97.0,415,11.9,51,46.4,68,1,88.1,377,504,106,2.9,13.6,1.21
Ashley Lelie,1026,WR,ATL,15,18.7,0,42.4,,0,0,0,15.2,5,21,2,0,37.7,76.1,61.0,,60.1,0.0,0,1,51,0.0,0,393,2,28,95.9,377,13.2,52,63.3,66,1,86.8,341,430,66,2.4,15.4,1.14
Nate Washington,2832,WR,PIT,16,15.9,2,53.0,,0,0,0,10.3,4,28,25,0,54.6,78.4,64.8,81.1,64.3,0.5,2,5,49,0.5,2,413,2,35,96.1,397,77.7,321,74.3,66,4,21.5,89,624,115,3.3,17.8,1.57
Bryant Johnson,1333,WR,ARZ,16,13.8,6,60.6,,0,0,2,11.1,5,30,1,0,43.5,78.4,65.1,,65.1,0.0,0,1,58,0.0,0,520,3,40,95.8,498,40.0,208,113.2,66,4,60.0,312,740,238,6.0,18.5,1.49
Ernest Wilford,1841,WR,JAX,16,16.6,2,54.5,,0,0,1,5.3,2,27,15,1,72.6,29.1,69.4,62.3,67.3,0.0,0,1,41,0.2,1,445,3,36,95.7,426,11.5,51,84.4,66,2,88.5,394,524,119,3.3,14.6,1.23
Jermaine Wiggins,576,TE,MIN,16,5.9,2,70.8,,0,0,0,9.8,5,19,18,1,55.0,33.2,57.8,84.5,54.3,73.6,287,1,24,10.0,39,390,2,46,86.4,337,20.3,79,84.8,65,1,3.3,13,390,138,3.0,8.5,1.16
Roddy White,2244,WR,ATL,15,20.4,0,46.9,,0,0,0,14.3,5,19,2,1,40.0,27.2,63.2,,62.5,0.0,0,4,55,0.3,1,298,3,30,96.0,286,2.3,7,48.0,64,0,97.7,291,506,65,2.2,16.9,1.77
Samie Parker,1826,WR,KC,16,12.5,4,64.1,,0,0,0,8.9,4,33,16,0,59.1,78.9,67.0,,66.0,0.0,0,3,43,0.0,0,458,3,41,96.7,443,18.6,85,77.7,64,1,81.4,373,561,149,3.6,13.7,1.27
Ladell Betts,1063,HB,WAS,16,-0.4,5,83.9,,0,0,0,3.7,2,22,32,2,80.4,31.8,55.1,86.0,66.4,0.0,0,1,34,21.1,78,369,0,52,75.6,279,2.4,9,95.0,62,1,2.4,9,441,468,9.0,8.5,1.58
D.J. Hackett,1876,WR,SEA,14,12.0,2,72.6,,0,0,0,4.3,2,33,29,0,76.5,78.6,85.4,,84.7,0.0,0,2,47,0.0,0,261,0,45,94.3,246,71.3,186,111.6,62,4,28.7,75,610,186,4.1,13.6,2.48
Michael Clayton,1736,WR,TB,12,10.4,4,55.0,,0,0,0,8.3,3,23,30,1,61.3,22.5,63.0,62.3,63.2,0.0,0,3,27,0.3,1,370,2,33,95.7,354,29.7,110,57.6,60,1,70.3,260,360,106,3.2,10.9,1.02
Joe Jurevicius,365,WR,CLV,13,11.3,2,66.7,,0,0,0,7.0,3,31,8,0,66.2,78.1,73.8,,72.4,0.3,1,4,52,0.0,0,386,1,40,95.9,370,22.3,86,80.9,60,3,77.5,299,495,125,3.1,12.4,1.34
Larry Johnson,1343,HB,KC,16,-1.2,12,68.3,,0,0,1,14.6,7,21,16,0,35.9,85.5,58.7,70.9,50.9,0.0,0,0,78,20.0,87,435,2,41,77.2,336,1.1,5,98.6,60,2,0.5,2,410,468,11.4,10.0,1.22
Antwaan Randle El,1069,WR,WAS,16,12.7,1,55.9,,0,0,1,2.9,1,20,32,1,80.1,43.8,66.9,72.9,64.6,0.0,0,1,34,0.9,3,329,3,33,91.5,301,52.3,172,83.7,59,3,45.3,149,355,91,2.8,10.8,1.18
George Wrighster,1417,TE,JAX,16,8.1,4,66.1,,0,0,0,9.3,4,21,15,0,57.3,78.0,66.1,75.1,61.3,74.1,318,3,23,18.6,80,429,2,39,78.8,338,10.3,44,77.9,59,3,3.7,16,353,118,3.0,9.1,1.04
Ahman Green,374,HB,GB,14,-0.4,5,79.3,,0,0,0,16.4,9,15,12,1,29.9,65.2,42.0,78.1,34.7,2.7,10,2,30,29.7,108,364,0,46,67.6,246,1.6,6,85.9,58,1,2.2,8,388,431,9.4,8.4,1.58
Maurice Jones-Drew,3005,HB,JAX,16,0.8,14,80.7,,0,0,0,4.2,2,16,15,0,76.8,78.9,75.8,63.9,79.6,0.0,0,0,51,24.7,81,328,0,46,72.3,237,0.6,2,110.2,57,2,0.6,2,436,421,9.2,9.5,1.84
Alvis Whitted,411,WR,OAK,14,14.2,1,47.4,,0,0,0,10.0,3,17,23,1,56.1,27.0,56.7,76.8,55.9,0.0,0,3,33,0.7,3,445,2,27,94.8,422,12.8,57,41.5,57,0,87.2,388,299,29,1.1,11.1,0.71
Kevin Curtis,1389,WR,SL,16,11.4,1,71.4,,0,0,0,2.4,1,27,26,0,82.3,78.9,65.0,,65.2,0.2,1,1,42,0.0,0,401,1,40,95.5,383,78.1,313,113.6,56,4,21.7,87,479,124,3.1,12.0,1.25
Joe Horn,199,WR,NO,10,14.1,1,66.1,,0,0,1,9.8,4,28,20,0,57.7,78.2,77.3,,76.0,0.0,0,1,72,0.0,0,346,2,37,95.7,331,28.6,99,124.0,56,4,71.4,247,679,165,4.5,18.4,2.05
Dallas Clark,1340,TE,IND,12,9.9,4,54.5,,0,0,0,11.8,4,22,14,0,49.1,76.5,68.5,72.7,61.3,28.9,123,3,40,6.1,26,426,2,30,90.1,384,66.4,283,76.9,55,4,2.1,9,367,129,4.3,12.2,0.96
Mewelde Moore,1840,HB,MIN,16,0.5,12,81.8,,0,0,0,4.3,2,15,18,0,77.0,82.6,70.6,48.1,84.3,0.4,1,2,50,20.6,49,238,0,45,76.5,182,2.5,6,92.4,55,1,2.1,5,460,463,10.3,10.2,2.53
Bobby Wade,1448,WR,TEN,16,10.9,8,61.1,,0,0,0,8.3,3,22,31,0,60.5,77.0,72.2,29.2,71.0,0.4,1,0,25,0.4,1,281,0,33,94.3,265,86.8,244,100.9,54,2,12.8,36,461,160,4.8,14.0,1.74
Vincent Jackson,2278,WR,SD,16,17.8,0,50.0,,0,0,0,6.9,2,19,27,0,65.8,77.0,69.2,64.5,68.3,0.3,1,1,55,0.3,1,331,2,27,97.3,322,23.0,76,108.0,54,6,76.7,254,453,70,2.6,16.8,1.41
Bo Scaife,2396,TE,TEN,14,9.5,5,54.7,,0,0,1,9.4,3,18,31,1,57.8,27.5,65.6,69.2,68.4,79.3,283,2,34,28.3,101,357,4,29,68.9,246,12.9,46,73.7,53,2,1.7,6,371,141,4.9,12.8,1.51
Edgerrin James,439,HB,ARZ,16,1.6,4,69.8,,0,0,0,2.6,1,9,1,0,81.7,79.4,49.6,81.1,62.0,0.0,0,0,14,22.5,94,418,0,37,74.6,312,0.0,0,76.8,53,0,0.2,1,211,178,4.8,5.7,0.68
Ben Utecht,2199,TE,IND,15,7.0,1,71.2,,0,0,0,5.1,2,18,14,1,64.9,29.2,72.7,65.3,68.6,94.4,340,0,26,36.1,130,360,5,37,62.5,225,1.9,7,91.6,52,0,0.6,2,377,178,4.8,10.2,1.68
Kevin Faulk,470,HB,NE,15,2.7,2,82.7,,0,0,0,6.5,3,15,19,0,67.6,82.6,63.8,89.7,76.2,0.0,0,1,43,18.6,52,279,1,43,78.1,218,6.8,19,100.0,52,2,5.7,16,356,260,6.0,8.3,1.63
Marcus Robinson,272,WR,MIN,10,13.8,1,55.8,,0,0,1,9.4,3,19,18,2,58.1,20.6,64.4,,64.2,0.0,0,2,40,0.0,0,249,1,29,96.0,239,2.4,6,88.9,52,4,97.2,242,384,115,4.0,13.2,1.61
Bubba Franks,592,TE,GB,16,6.8,2,48.1,,0,0,1,24.2,8,13,12,2,27.9,19.4,50.8,61.6,32.3,75.9,355,1,19,25.6,120,468,5,25,71.6,335,6.6,31,52.9,52,0,2.1,10,234,117,4.7,9.4,0.7
Brandon Jones,2313,WR,TEN,16,17.0,0,51.9,,0,0,0,15.6,5,21,31,0,36.0,76.2,63.8,,64.4,0.0,0,1,53,0.0,0,340,3,27,94.7,322,18.8,64,93.8,52,4,81.2,276,384,74,2.7,14.2,1.19
Drew Carter,1881,WR,CAR,14,14.3,0,54.9,,0,0,0,6.7,2,14,5,0,66.8,76.9,71.0,,69.1,0.0,0,1,42,0.0,0,251,1,28,96.4,242,23.5,59,88.4,51,3,76.5,192,357,66,2.4,12.8,1.48
Randal Williams,1003,TE,OAK,16,8.3,0,54.9,,0,0,1,12.5,4,14,23,2,47.5,20.1,51.6,86.5,50.8,74.7,230,2,28,11.4,35,308,3,28,84.7,261,16.9,52,55.4,51,0,4.5,14,293,76,2.7,10.5,1.12
Heath Miller,2247,TE,PIT,16,8.0,3,66.7,,0,0,0,10.5,4,21,25,0,52.7,77.1,68.8,57.4,63.9,67.8,267,1,87,18.8,74,394,1,34,78.4,309,19.0,75,114.3,51,5,4.1,16,393,181,5.3,11.6,1.27
Devery Henderson,1771,WR,NO,13,17.6,1,62.7,,0,0,0,15.8,6,28,20,0,35.1,77.5,71.8,,70.4,0.0,0,4,76,0.0,0,331,2,32,96.7,320,13.3,44,106.5,51,5,86.7,287,745,198,6.2,23.3,2.33
Alex Smith,2288,TE,TB,14,5.1,6,71.4,,0,0,0,5.4,2,12,30,1,70.8,28.4,59.9,79.4,54.8,76.2,343,1,27,20.2,91,450,0,35,77.1,347,12.2,55,94.8,49,3,9.8,44,250,119,3.4,7.1,0.72
Amani Toomer,169,WR,NYG,8,12.9,2,65.3,,0,0,0,0.0,0,22,21,0,88.7,77.2,74.7,,75.3,0.0,0,3,44,0.0,0,288,1,32,95.8,276,46.9,135,82.0,49,3,53.1,153,360,46,1.4,11.3,1.3
Doug Gabriel,1473,WR,OAK,15,12.9,4,61.2,,0,0,0,11.8,4,19,23,1,49.9,27.5,63.7,,63.0,0.0,0,3,45,0.0,0,282,0,30,94.7,267,6.7,19,84.4,49,3,93.3,263,428,165,5.5,14.3,1.6
Keenan McCardell,19,WR,SD,14,11.4,4,73.5,,0,0,0,5.3,2,24,27,1,72.0,41.9,71.2,,70.7,0.3,1,2,28,0.0,0,294,1,36,96.9,285,45.6,134,83.5,49,0,54.1,159,437,81,2.3,12.1,1.53
Rashied Davis,2554,WR,CHI,16,12.0,0,42.9,,0,0,0,8.7,2,15,6,0,60.7,74.9,58.0,62.4,58.1,0.0,0,6,31,0.3,1,291,1,21,95.5,278,85.6,249,35.8,49,2,14.4,42,282,48,2.3,13.4,1.01
Chester Taylor,1182,HB,MIN,15,-0.3,8,87.5,,0,0,0,4.5,2,16,18,1,61.0,50.3,58.1,80.3,60.3,0.0,0,2,24,28.3,100,353,0,42,67.4,238,1.4,5,74.3,48,0,2.8,10,288,302,7.2,6.9,1.21
Patrick Crayton,1932,WR,DAL,16,9.3,6,76.6,,0,0,0,0.0,0,27,9,1,90.0,28.9,75.4,71.5,73.0,2.3,7,1,53,0.7,2,300,3,36,93.7,281,51.3,154,131.4,47,4,45.7,137,519,183,5.1,14.4,1.85
Joseph Addai,2975,HB,IND,16,0.5,7,85.1,,0,0,0,4.8,2,20,14,0,74.8,72.5,80.1,89.9,82.9,0.0,0,0,21,25.9,86,332,0,40,70.5,234,0.3,1,102.6,47,1,0.3,1,325,299,7.5,8.1,1.39
Brandon Lloyd,1436,WR,WAS,15,16.1,1,48.9,,0,0,0,11.5,3,15,32,1,53.1,25.9,60.2,,59.6,0.0,0,0,52,0.0,0,375,2,23,93.3,350,10.1,38,75.2,47,0,89.9,337,365,64,2.8,15.9,1.04
Ike Hilliard,233,WR,TB,16,6.5,5,73.9,,0,0,0,5.6,2,19,30,0,80.4,28.9,61.2,,61.4,0.3,1,1,44,0.0,0,335,2,34,97.0,325,63.6,213,99.8,46,2,35.2,118,339,151,4.4,10.0,1.04
Eric Johnson,929,TE,SF,13,5.8,4,75.6,,0,0,0,5.6,2,15,28,0,80.1,77.3,72.0,75.2,71.1,73.6,234,1,26,19.2,61,318,2,34,75.8,241,11.9,38,97.6,45,2,5.7,18,292,143,4.2,8.6,1.21
Owen Daniels,3043,TE,HST,14,6.1,4,75.6,,0,0,0,2.9,1,21,13,0,80.0,77.2,59.6,25.3,64.0,91.2,454,1,33,22.1,110,498,3,34,74.3,370,4.4,22,125.4,45,5,4.4,22,352,179,5.3,10.4,0.95
Josh Reed,1043,WR,BUF,13,8.7,6,75.6,,0,0,0,2.9,1,21,4,0,70.5,78.1,72.9,37.2,75.4,0.8,2,2,52,1.2,3,243,3,34,96.7,235,84.8,206,99.3,45,2,10.3,25,410,153,4.5,12.1,1.74
Tim Carter,1053,WR,NYG,16,14.8,0,48.9,,0,0,0,15.4,4,13,21,1,41.6,25.6,51.6,62.4,50.4,0.2,1,2,27,0.2,1,429,2,22,94.4,405,6.1,26,70.0,45,3,93.7,402,253,29,1.3,11.5,0.62
Steve Heiden,481,TE,CLV,16,3.9,5,81.8,,0,0,0,2.7,1,9,8,0,72.6,77.7,79.0,77.3,71.7,87.7,229,0,13,34.5,90,261,0,36,61.3,160,10.3,27,105.4,44,2,1.9,5,249,155,4.3,6.9,1.56
Dominic Rhodes,979,HB,IND,16,0.9,3,81.8,,0,0,0,7.7,3,9,14,1,72.6,53.5,50.3,81.2,61.9,0.0,0,0,27,25.0,74,296,0,36,71.3,211,1.0,3,90.4,44,0,0.0,0,251,223,6.2,7.0,1.19
Chris Baker,1091,TE,NYJ,16,6.9,1,70.5,,0,0,0,0.0,0,18,22,0,88.0,76.6,67.4,84.2,58.2,57.8,262,4,28,20.1,91,453,4,31,76.2,345,21.4,97,81.6,44,4,7.1,32,300,129,4.2,9.7,0.87
Mack Strong,66,FB,SEA,16,2.0,1,67.4,,0,0,0,17.1,6,4,29,2,30.0,48.3,54.4,78.1,30.0,1.7,8,1,16,23.8,109,458,2,29,72.7,333,1.7,8,64.4,43,0,2.0,9,163,125,4.3,5.6,0.49
DeShaun Foster,1041,HB,CAR,14,0.3,4,76.7,,0,0,0,13.2,5,3,5,1,43.5,51.3,49.3,71.7,40.2,1.2,4,0,14,36.0,122,339,1,33,61.9,210,1.2,4,81.6,43,0,9.1,31,161,174,5.3,4.9,0.77
Dennis Northcutt,605,WR,CLV,13,11.7,3,52.4,,0,0,0,21.4,6,10,8,0,28.8,26.3,52.9,,54.2,0.0,0,3,43,0.0,0,259,1,22,94.2,244,25.9,67,38.6,42,0,73.0,189,228,96,4.4,10.4,0.93
Courtney Anderson,1959,TE,OAK,16,10.5,0,59.5,,0,0,0,16.7,5,14,23,1,35.9,26.4,55.5,54.1,52.9,84.3,291,2,35,24.3,84,345,6,25,70.1,242,11.0,38,76.0,42,2,0.6,2,285,91,3.6,11.4,1.18
Hank Baskett,3220,WR,PHI,16,17.9,1,52.4,,0,0,0,12.0,3,17,24,0,38.7,75.1,59.9,,60.0,1.2,4,2,89,0.0,0,345,4,22,95.4,329,53.0,183,87.8,42,2,45.5,157,464,175,8.0,21.1,1.41
Terrance Copper,2016,WR,NO,13,13.9,0,56.1,,0,0,0,4.2,1,18,20,2,73.0,18.9,61.5,,59.0,0.0,0,1,48,0.0,0,317,1,23,97.8,310,45.1,143,102.5,41,3,54.9,174,388,86,3.7,16.9,1.25
Jerramy Stevens,1035,TE,SEA,11,10.6,2,53.7,,0,0,1,12.0,3,11,29,1,50.6,25.3,55.4,68.0,57.4,88.9,201,1,26,11.9,27,226,4,22,82.7,187,7.1,16,92.6,41,4,3.5,8,231,59,2.7,10.5,1.24
Thomas Jones,585,HB,CHI,16,-2.5,8,85.4,,0,0,1,0.0,0,5,6,0,89.7,87.9,56.3,62.2,69.4,0.0,0,1,21,48.1,203,422,3,35,49.1,207,1.7,7,71.3,41,0,2.6,11,146,239,6.8,4.2,0.71
Ruvell Martin,2111,WR,GB,12,11.9,0,51.2,,0,0,0,4.5,1,16,12,0,71.5,74.6,62.6,,61.3,0.0,0,2,36,0.0,0,289,0,21,97.6,282,10.7,31,69.0,41,1,89.3,258,358,108,5.1,17.0,1.27
Willie Parker,2142,HB,PIT,16,-1.0,7,77.5,,0,0,0,8.8,3,12,25,0,58.8,43.1,49.1,72.6,61.2,0.0,0,0,25,33.1,110,332,2,31,65.1,216,5.1,17,115.2,40,3,0.9,3,226,266,8.6,7.3,1.05
Justin McCareins,872,WR,NYJ,16,15.1,0,57.5,,0,0,0,0.0,0,12,22,0,84.9,75.1,61.2,62.4,60.2,0.3,1,5,50,0.3,1,304,0,23,95.1,289,23.7,72,54.9,40,1,76.0,231,347,93,4.0,15.1,1.2
Dante' Hall,677,WR,KC,15,8.0,2,65.0,,0,0,0,10.3,3,15,16,0,54.0,76.6,63.9,62.4,61.2,1.8,4,0,19,0.4,1,224,0,26,96.9,217,62.9,141,94.2,40,2,33.9,76,204,67,2.6,7.8,0.94
Demetrius Williams,3056,WR,BLT,16,14.5,3,56.4,,0,0,0,12.0,3,19,3,0,50.6,75.1,68.6,,66.9,0.8,2,2,77,0.0,0,240,0,22,95.8,230,11.3,27,87.1,39,2,87.9,211,396,125,5.7,18.0,1.72
Wali Lundy,3115,HB,HST,12,-2.3,2,86.8,,0,0,0,5.7,2,7,13,0,71.9,73.5,50.5,68.6,60.2,0.0,0,0,15,22.0,58,264,0,33,73.9,195,0.4,1,89.0,38,0,15.9,42,204,274,8.3,6.2,1.05
Cadillac Williams,2222,HB,TB,14,-0.3,11,78.9,,0,0,0,11.8,4,4,30,1,39.8,71.4,55.8,66.7,44.8,0.0,0,0,21,21.8,57,261,2,30,75.5,197,3.1,8,88.2,38,0,5.7,15,196,207,6.9,6.5,0.99
Billy McMullen,1409,WR,MIN,16,10.1,2,62.2,,0,0,0,4.2,1,14,18,0,84.9,75.1,63.6,,63.2,0.4,1,2,40,0.0,0,244,1,23,95.1,232,67.6,165,93.0,37,3,31.1,76,307,97,4.2,13.3,1.32
Ronnie Brown,2219,HB,MIA,13,0.8,10,89.2,,0,0,0,5.7,2,12,17,0,70.1,61.4,58.2,80.3,65.2,0.3,1,0,24,29.9,109,365,0,33,67.7,247,1.4,5,97.7,37,0,0.5,2,276,260,7.9,8.4,1.12
Nate Burleson,1386,WR,SEA,16,14.0,0,48.6,,0,0,0,14.3,3,7,29,0,43.5,73.9,54.9,,52.5,0.0,0,1,36,0.0,0,305,2,18,97.7,298,10.2,31,71.0,37,2,89.8,274,192,44,2.4,10.7,0.64
Vernon Davis,2951,TE,SF,10,9.4,7,54.1,,0,0,0,20.0,5,9,28,1,37.8,25.5,68.0,76.4,67.7,76.5,173,2,52,20.8,47,226,5,20,77.0,174,11.9,27,81.5,37,3,3.1,7,265,124,6.2,13.3,1.52
Greg Lewis,1650,WR,PHI,16,15.5,0,64.9,,0,0,0,7.7,2,20,24,1,62.3,25.6,74.7,,73.9,0.0,0,1,45,0.0,0,179,0,24,96.6,173,49.7,89,102.1,37,2,49.2,88,348,77,3.2,14.5,2.01
Bobby Engram,177,WR,SEA,7,11.7,3,66.7,,0,0,0,7.7,2,15,29,0,63.4,75.8,76.8,,78.0,0.0,0,3,25,0.0,0,143,1,24,97.9,140,90.9,130,65.7,36,1,9.1,13,290,73,3.0,12.1,2.07
Derek Hagan,3027,WR,MIA,16,10.9,2,58.3,,0,0,0,22.2,6,13,17,0,28.7,74.6,56.5,61.6,55.8,0.0,0,0,24,0.5,1,222,0,21,95.5,212,33.3,74,85.5,36,1,66.7,148,221,51,2.4,10.5,1.04
Roscoe Parrish,2272,WR,BUF,16,9.5,2,65.7,,0,0,0,8.0,2,10,4,1,62.5,26.3,63.4,,61.2,0.0,0,1,51,0.0,0,219,0,23,96.8,212,85.4,187,102.1,35,2,14.6,32,320,123,5.3,13.9,1.51
Robert Royal,1151,TE,BUF,16,8.3,1,65.7,,0,0,0,11.5,3,13,4,0,50.6,75.4,66.0,69.0,65.8,78.3,267,0,33,32.3,110,341,5,23,64.5,220,12.9,44,113.2,35,3,5.0,17,233,100,4.3,10.1,1.06
Brandon Marshall,3064,WR,DEN,14,14.6,8,57.1,,0,0,0,9.1,2,14,10,1,60.5,25.7,74.0,,72.9,0.0,0,1,71,0.0,0,165,0,20,93.9,155,15.8,26,93.6,35,2,84.2,139,309,103,5.2,15.5,1.99
Troy Walters,682,WR,ARZ,15,7.5,0,65.7,,0,0,0,8.0,2,13,1,0,61.5,75.1,59.6,,58.8,0.0,0,0,26,0.0,0,233,0,23,96.6,225,74.7,174,100.8,35,2,25.3,59,209,82,3.6,9.1,0.93
Mike Alstott,170,FB,TB,16,-0.5,5,60.0,,0,0,0,19.2,5,6,30,0,30.4,57.0,55.0,81.0,46.3,1.6,4,1,18,33.3,81,243,0,21,63.8,155,0.8,2,52.7,35,0,6.6,16,85,102,4.9,4.0,0.55
DeAngelo Williams,2972,HB,CAR,13,0.0,9,91.4,,0,0,0,5.9,2,11,5,0,69.0,60.4,61.1,75.7,85.9,0.0,0,0,41,29.3,60,205,0,32,68.3,140,1.0,2,113.2,35,1,11.2,23,311,328,10.3,9.7,2.22
Deuce McAllister,793,HB,NO,15,0.0,4,88.2,,0,0,0,9.1,3,7,20,1,57.8,61.7,65.0,64.4,48.4,0.0,0,0,24,26.6,75,282,0,30,70.6,199,0.4,1,90.9,34,0,2.8,8,198,200,6.7,6.6,0.99
Tony Scheffler,3006,TE,DEN,13,14.1,1,52.9,,0,0,0,18.2,4,15,10,0,32.2,74.3,75.7,79.6,71.9,65.5,135,1,29,8.3,17,206,0,18,86.9,179,21.8,45,108.2,34,4,12.1,25,286,65,3.6,15.9,1.6
Stephen Alexander,362,TE,DEN,16,6.9,1,52.9,,0,0,0,0.0,0,11,10,0,82.7,73.9,65.1,63.6,56.8,81.5,318,5,24,35.1,137,390,4,18,61.8,241,4.9,19,45.8,34,2,5.1,20,160,91,5.1,8.9,0.66
Reuben Droughns,640,HB,CLV,14,-1.3,5,84.8,,0,0,0,3.4,1,10,8,0,76.7,33.6,50.2,45.7,64.2,0.3,1,2,24,31.5,111,352,0,28,65.3,230,1.4,5,62.6,33,0,3.4,12,168,237,8.5,6.0,0.73
David Tyree,1511,WR,NYG,9,8.2,2,57.6,,0,0,0,13.6,3,10,21,0,44.9,74.1,59.4,5.4,59.4,0.0,0,1,33,0.5,1,197,1,19,93.9,185,69.0,136,82.5,33,2,28.9,57,197,44,2.3,10.4,1.06
Jason McKie,1279,FB,CHI,15,0.7,3,78.1,,0,0,0,3.8,1,7,6,0,74.2,77.8,74.0,87.6,61.2,18.7,43,0,26,33.9,78,230,0,25,63.0,145,2.2,5,87.8,32,0,0.0,0,162,152,6.1,6.5,1.12
Reggie Kelly,468,TE,CIN,16,9.5,3,65.6,,0,0,0,8.7,2,12,7,0,59.2,74.6,68.7,74.0,51.7,54.3,242,1,32,23.3,104,446,0,21,73.1,326,10.1,45,87.2,32,1,2.7,12,254,84,4.0,12.1,0.78
David Martin,916,TE,GB,11,8.5,1,65.6,,0,0,0,4.5,1,13,12,0,71.5,74.6,68.0,74.0,70.5,58.6,129,1,23,13.2,29,220,0,21,83.6,184,24.1,53,90.4,32,2,6.4,14,198,80,3.8,9.4,1.08
Kris Mangum,292,TE,CAR,14,5.9,1,67.7,,0,0,0,8.7,2,11,5,0,59.2,74.6,65.0,74.3,67.1,50.8,121,0,19,29.0,69,238,1,21,70.2,167,25.6,61,92.1,31,1,2.1,5,170,75,3.6,8.1,1.02
Tatum Bell,1762,HB,DEN,13,-1.7,5,77.4,,0,0,0,7.7,2,5,10,2,62.3,47.5,52.6,77.3,50.4,3.6,10,0,16,36.2,100,276,1,24,60.5,167,0.0,0,82.1,31,0,1.4,4,115,164,6.8,4.8,0.69
Malcom Floyd,2044,WR,SD,12,14.9,3,48.4,,0,0,0,6.3,1,9,27,0,65.6,73.0,75.2,,74.2,0.0,0,1,46,0.0,0,124,0,15,95.2,118,11.3,14,89.4,31,3,88.7,110,210,49,3.3,14.0,1.78
Sammy Morris,678,HB,MIA,12,-0.1,6,67.7,,0,0,0,12.5,3,7,17,2,36.9,28.6,51.2,86.3,32.7,0.4,1,0,44,29.3,72,246,0,21,67.5,166,0.0,0,80.3,31,0,0.8,2,162,156,7.4,7.7,0.98
Noah Herron,2461,HB,GB,15,0.1,3,93.3,,0,0,0,3.4,1,11,12,1,76.1,49.5,65.0,84.7,64.0,3.4,6,0,16,31.1,55,177,0,28,66.7,118,1.1,2,116.0,30,2,1.1,2,195,201,7.2,7.0,1.65
Joe Klopfenstein,2991,TE,SL,16,8.9,2,66.7,,0,0,1,0.0,0,9,26,0,70.5,74.4,55.7,65.9,47.3,76.5,377,0,28,27.8,137,493,4,20,68.6,338,6.9,34,100.1,30,1,1.8,9,226,91,4.6,11.3,0.67
Daniel Graham,1028,TE,NE,12,8.3,0,70.0,,0,0,0,16.0,4,12,19,1,37.6,24.9,79.5,71.0,62.3,73.2,180,0,29,32.1,79,246,3,21,65.0,160,24.4,60,115.3,30,2,1.2,3,235,102,4.9,11.2,1.47
Leon Washington,3062,HB,NYJ,15,0.5,8,86.2,,0,0,0,3.8,1,9,22,1,75.5,60.0,58.0,64.5,70.3,0.0,0,0,64,37.3,120,322,0,25,59.3,191,1.6,5,105.5,29,0,0.9,3,270,266,10.6,10.8,1.41
Marion Barber III,2326,HB,DAL,16,1.5,11,79.3,,0,0,0,11.5,3,8,9,0,40.2,90.1,62.1,71.8,46.8,2.2,7,0,26,27.8,88,316,1,23,69.0,218,2.5,8,117.8,29,2,7.6,24,196,162,7.0,8.5,0.9
Rudi Johnson,857,HB,CIN,16,-0.2,2,75.9,,0,0,1,4.3,1,4,7,0,72.8,64.6,58.3,91.4,53.4,0.6,2,0,18,21.7,70,322,1,22,76.1,245,0.6,2,83.3,29,0,0.3,1,125,124,5.6,5.7,0.51
Mark Campbell,545,TE,NO,14,5.5,1,64.3,,0,0,1,10.0,2,9,20,0,57.6,74.3,67.2,75.8,57.8,76.3,190,1,33,26.5,66,249,2,18,69.5,173,11.2,28,65.2,28,0,4.4,11,164,80,4.4,9.1,0.95
Correll Buckhalter,869,HB,PHI,16,1.1,11,85.7,,0,0,0,4.0,1,11,24,1,73.5,42.0,60.2,61.5,72.5,1.2,2,0,55,23.5,39,166,1,24,74.1,123,1.2,2,116.7,28,1,0.6,1,256,243,10.1,10.7,2.08
Kenny Watson,1001,HB,CIN,16,-1.3,2,82.1,,0,0,0,4.2,1,12,7,0,74.3,81.0,71.0,89.2,68.2,0.4,1,0,46,28.7,71,247,1,23,68.4,169,2.8,7,98.4,28,0,2.4,6,213,257,11.2,9.3,1.26
Dan Campbell,488,TE,DET,16,9.8,1,75.0,,0,0,1,0.0,0,16,11,0,86.5,75.6,79.2,67.4,79.2,83.1,373,2,29,45.2,203,449,4,21,52.3,235,5.1,23,120.1,28,4,1.1,5,307,116,5.5,14.6,1.31
Laurence Maroney,2966,HB,NE,13,-1.3,11,78.6,,0,0,0,15.4,4,11,19,0,38.5,78.2,55.3,71.7,65.3,0.0,0,1,31,26.6,41,154,0,22,70.8,109,1.9,3,92.6,28,1,1.3,2,194,218,9.9,8.8,1.78
Justin Griffith,1433,FB,ATL,16,0.8,4,82.1,,0,0,0,8.0,2,11,2,1,62.5,19.5,60.9,84.6,56.0,1.3,3,1,16,26.7,62,232,0,23,70.3,163,0.4,1,112.5,28,3,3.9,9,168,146,6.3,7.3,1.03
Aaron Stecker,572,HB,NO,12,4.5,2,70.4,,0,0,0,13.6,3,9,20,0,45.1,75.6,62.8,87.3,64.1,1.0,1,2,48,3.0,3,100,0,19,95.0,95,19.0,19,59.2,27,0,49.0,49,190,82,4.3,10.0,2.0
Fred Taylor,333,HB,JAX,15,-0.9,6,85.2,,0,0,0,11.5,3,8,15,1,52.7,56.8,80.3,64.7,57.5,0.0,0,0,36,30.6,57,186,1,23,66.1,123,0.0,0,116.4,27,1,0.0,0,242,261,11.3,10.5,1.97
Arlen Harris,1621,HB,DET,9,4.0,3,69.2,,0,0,0,5.3,1,4,11,0,69.9,83.9,55.7,67.9,60.2,0.0,0,0,20,20.5,38,185,0,18,77.3,143,3.2,6,80.9,26,0,1.6,3,132,93,5.2,7.3,0.92
Michael Gaines,1946,TE,CAR,16,7.7,5,57.7,,0,0,0,21.1,4,9,5,0,29.5,73.0,65.0,75.4,48.8,51.8,176,1,19,38.5,131,340,1,15,59.7,203,25.9,88,57.5,26,0,0.6,2,146,64,4.3,9.7,0.72
Brad Hoover,740,FB,CAR,16,3.3,2,76.9,,0,0,0,4.8,1,4,5,0,70.5,33.5,72.2,59.4,56.0,7.8,19,0,16,21.4,52,243,1,20,74.9,182,4.1,10,85.7,26,0,14.4,35,122,74,3.7,6.1,0.67
Daniel Wilcox,1002,TE,BLT,14,5.1,3,80.0,,0,0,0,9.1,2,12,3,2,60.1,17.8,63.6,57.8,65.1,60.1,101,1,35,18.5,31,168,1,20,76.2,128,16.7,28,117.3,25,3,6.0,10,166,79,4.0,8.3,1.3
Ben Troupe,1761,TE,TEN,10,7.2,4,52.0,,0,0,0,18.8,3,8,31,0,35.8,72.7,57.2,33.7,64.1,74.7,142,3,32,23.7,45,190,3,13,72.1,137,15.8,30,57.5,25,2,8.4,16,150,101,7.8,11.5,1.09
Bryan Fletcher,1184,TE,IND,13,8.9,2,72.0,,0,0,0,14.3,3,12,14,0,43.5,73.9,66.6,81.8,69.5,75.4,138,1,26,25.1,46,183,1,18,69.9,128,18.6,34,105.8,25,2,1.6,3,202,81,4.5,11.2,1.58
Warrick Dunn,236,HB,ATL,16,1.2,2,88.0,,0,0,0,8.3,2,11,2,0,39.5,86.8,56.4,67.9,43.2,0.0,0,1,18,34.7,147,424,1,22,61.6,261,0.2,1,91.7,25,1,0.9,4,170,168,7.6,7.7,0.65
Mike Bell,3225,HB,DEN,15,-1.7,5,83.3,,0,0,0,9.1,2,5,10,0,59.5,76.3,59.1,60.1,63.1,2.7,5,0,24,34.2,64,187,1,20,63.1,118,0.5,1,94.1,24,0,1.1,2,158,198,9.9,7.9,1.34
Corey Bradford,400,WR,DET,9,10.8,0,58.3,,0,0,0,12.5,2,9,11,1,51.2,22.4,55.9,,55.3,0.0,0,2,23,0.0,0,229,1,14,95.2,218,10.0,23,44.8,24,0,90.0,206,166,23,1.6,11.9,0.76
Musa Smith,1392,HB,BLT,12,-0.8,3,91.7,,0,0,0,0.0,0,6,3,0,84.5,46.9,59.0,56.9,75.1,0.0,0,0,30,34.2,53,155,0,22,62.6,97,3.2,5,90.1,24,0,5.2,8,135,160,7.3,6.1,1.39
Reshard Lee,1647,FB,OAK,15,0.5,2,83.3,,0,0,0,0.0,0,8,23,0,84.5,35.1,64.1,90.0,72.0,0.0,0,0,15,50.2,125,249,2,20,45.8,114,2.8,7,90.6,24,0,0.0,0,138,129,6.5,6.9,1.21
Lorenzo Neal,47,FB,SD,16,-0.5,3,70.8,,0,0,0,15.0,3,3,27,1,41.6,24.6,65.8,75.1,30.9,3.4,7,0,21,34.1,70,205,1,17,64.9,133,2.9,6,75.5,24,0,8.8,18,83,98,5.8,4.9,0.62
Adam Bergen,2494,TE,ARZ,14,6.4,2,62.5,,0,0,0,6.3,1,5,1,2,65.6,15.4,41.3,40.9,37.1,77.0,204,1,17,15.1,40,265,1,15,82.3,218,12.8,34,69.6,24,1,7.2,19,109,40,2.7,7.3,0.5
Jameel Cook,904,FB,HST,11,1.0,0,75.0,,0,0,0,5.3,1,5,13,2,83.2,18.2,55.8,57.9,43.0,1.1,2,0,15,15.0,28,187,1,18,80.2,150,0.5,1,83.2,24,0,9.6,18,107,98,5.4,5.9,0.71
Az-Zahir Hakim,383,WR,SD,6,7.3,2,70.8,,0,0,0,0.0,0,6,27,0,82.2,73.6,61.2,,61.0,0.0,0,0,23,0.0,0,127,0,17,99.2,126,61.4,78,86.6,24,0,36.2,46,147,63,3.7,8.6,1.17
Bryan Gilmore,727,WR,SF,16,15.1,0,34.8,,0,0,0,0.0,0,5,28,0,76.5,22.9,50.8,,49.1,0.3,1,0,75,0.0,0,341,0,8,95.9,327,30.2,103,72.7,23,1,69.5,237,150,34,4.3,18.8,0.46
Jamal Lewis,583,HB,BLT,16,-0.7,7,78.3,,0,0,0,10.0,2,5,3,0,55.6,68.2,56.2,71.6,49.6,0.3,1,0,15,37.5,115,307,0,18,59.9,184,3.6,11,87.5,23,0,1.6,5,115,130,7.2,6.4,0.63
Anthony Becht,602,TE,TB,16,4.3,0,78.3,,0,0,0,0.0,0,4,30,1,83.2,23.9,55.3,72.4,43.3,86.8,269,0,13,36.1,112,310,3,18,61.6,191,8.1,25,102.0,23,1,3.5,11,115,56,3.1,6.4,0.6
Anthony Thomas,808,HB,BUF,15,-0.5,2,95.7,,0,0,0,0.0,0,6,4,0,85.1,69.0,58.9,74.8,84.5,1.0,2,0,18,61.3,119,194,0,22,37.6,73,0.5,1,91.8,23,0,0.5,1,139,147,6.7,6.3,1.9
Clinton Portis,1058,HB,WAS,8,-0.6,3,73.9,,0,0,0,10.5,2,5,32,0,55.9,89.9,55.3,76.4,57.6,0.0,0,0,74,20.2,25,124,1,17,69.4,86,0.8,1,94.5,23,0,2.4,3,170,192,11.3,10.0,1.98
Willis McGahee,1339,HB,BUF,14,-2.7,8,78.3,,0,0,0,5.3,1,4,4,0,70.5,52.2,52.6,63.6,68.7,0.0,0,1,56,40.6,127,313,0,18,56.2,176,1.3,4,76.8,23,0,1.0,3,156,208,11.6,8.7,0.89
Thomas Tapeh,1880,FB,PHI,16,1.3,2,69.6,,0,0,0,20.0,4,3,24,0,29.7,75.3,59.6,83.0,33.5,0.9,2,0,15,15.4,36,234,0,16,82.1,192,0.0,0,89.9,23,1,0.0,0,85,70,4.4,5.3,0.44
Verron Haynes,1156,HB,PIT,7,0.5,3,81.8,,0,0,0,5.3,1,4,25,0,69.0,28.9,62.1,74.3,65.6,0.0,0,0,16,26.7,35,131,0,18,71.8,94,0.8,1,84.7,22,0,1.5,2,95,92,5.1,5.3,1.01
Mark Bradley,2256,WR,CHI,9,12.8,1,63.6,,0,0,0,0.0,0,10,6,0,81.1,73.0,86.0,,83.6,0.0,0,0,75,0.0,0,86,0,14,95.3,82,0.0,0,146.8,22,3,100.0,86,282,105,7.5,20.1,3.44
Travis Henry,825,HB,TEN,14,-0.5,2,81.8,,0,0,0,5.3,1,2,31,0,68.7,74.8,64.8,76.7,48.1,0.3,1,0,12,33.9,113,333,3,18,64.9,216,0.0,0,81.4,22,0,2.7,9,78,109,6.1,4.3,0.36
Kris Wilson,1782,TE,KC,15,3.8,5,68.2,,0,0,1,21.1,4,11,16,0,29.8,73.3,55.9,65.9,50.8,21.4,37,2,19,20.8,36,173,1,15,75.1,130,12.1,21,85.6,22,3,12.1,21,132,94,6.3,8.8,1.02
Sam Gado,2599,HB,HST,9,0.4,1,77.3,,0,0,0,15.0,3,3,13,0,43.3,54.5,51.5,84.5,46.3,0.0,0,0,19,24.1,28,116,0,17,73.3,85,0.0,0,82.6,22,0,5.2,6,85,73,4.3,5.0,1.0
Marcedes Lewis,2973,TE,JAX,14,12.2,1,59.1,,0,0,0,7.1,1,6,15,0,63.2,72.3,65.1,78.9,61.5,83.6,117,3,31,10.0,14,140,3,13,87.1,122,10.7,15,50.8,22,1,5.0,7,126,46,3.5,9.7,1.03
Leonard Pope,3017,TE,ARZ,16,4.2,1,72.7,,0,0,0,5.9,1,7,1,0,66.7,73.3,58.3,46.4,57.0,98.7,221,2,33,21.0,47,224,5,16,75.4,169,1.3,3,55.3,22,0,0.0,0,161,80,5.0,10.1,0.95
David Kircus,1480,WR,DEN,16,14.5,1,40.9,,0,0,0,30.8,4,9,10,0,27.8,72.5,55.9,,56.3,0.0,0,1,45,0.0,0,172,1,9,95.3,164,19.8,34,52.7,22,0,80.2,138,187,59,6.6,20.8,1.14
Ovie Mughelli,1445,FB,BLT,16,1.9,1,95.5,,0,0,0,0.0,0,7,3,1,85.9,29.2,82.5,86.1,66.0,0.0,0,0,30,41.6,72,173,2,21,54.9,95,4.6,8,131.4,22,2,5.8,10,182,141,6.7,8.7,1.92
Justin Fargas,1410,HB,OAK,16,-0.5,3,61.9,,0,0,0,13.3,2,3,23,0,47.7,82.6,55.9,73.5,55.0,0.0,0,0,21,52.0,92,177,1,13,46.9,83,0.0,0,71.7,21,0,0.0,0,91,89,6.8,7.0,1.1
Billy Miller,534,TE,NO,10,5.8,0,66.7,,0,0,0,6.7,1,7,20,1,65.6,22.6,57.1,66.2,52.6,57.3,98,0,22,20.5,35,171,2,14,74.9,128,25.1,43,83.2,21,0,6.4,11,129,44,3.1,9.2,1.01
Kevin Walter,1549,WR,HST,16,9.6,0,81.0,,0,0,0,0.0,0,12,13,1,82.7,24.0,59.5,16.3,57.0,2.4,6,1,15,0.8,2,246,2,17,95.5,235,49.6,122,78.6,21,0,46.7,115,160,52,3.1,9.4,0.68
Donald Lee,1465,TE,GB,14,8.4,2,47.6,,0,0,0,33.3,5,8,12,0,27.1,71.1,54.7,82.5,46.3,59.0,85,0,32,11.1,16,144,0,10,86.8,125,27.1,39,71.5,21,0,6.9,10,150,70,7.0,15.0,1.2
Anthony Fasano,2998,TE,DAL,16,6.1,0,66.7,,0,0,0,0.0,0,4,9,0,81.1,73.0,61.3,72.3,61.5,62.3,137,1,22,35.0,77,220,4,14,59.1,130,2.3,5,62.8,21,0,11.8,26,126,58,4.1,9.0,0.97
Matt Schobel,1074,TE,PHI,16,9.7,3,65.0,,0,0,0,13.3,2,9,24,0,49.6,72.7,60.1,81.5,60.1,77.8,123,0,60,19.6,31,158,4,13,75.9,120,13.3,21,131.9,20,2,7.6,12,203,113,8.7,15.6,1.69
David Givens,1210,WR,TEN,5,11.5,2,40.0,,0,0,0,0.0,0,4,31,0,76.5,70.8,60.0,,60.7,0.0,0,4,27,0.0,0,139,0,8,96.4,134,23.0,32,17.5,20,0,77.0,107,104,45,5.6,13.0,0.78
Roydell Williams,2353,WR,TEN,14,15.8,1,40.0,,0,0,0,11.1,1,6,31,0,54.5,70.1,59.7,,59.1,0.0,0,3,20,0.0,0,110,0,8,95.5,105,5.5,6,21.0,20,0,94.5,104,121,39,4.9,15.1,1.15
Najeh Davenport,1131,HB,PIT,12,1.7,1,75.0,,0,0,0,6.3,1,9,25,0,65.6,54.7,60.5,88.0,82.9,0.0,0,1,32,37.0,54,146,1,15,63.0,92,0.7,1,100.6,20,1,0.7,1,193,186,12.4,12.9,2.1
Chad Jackson,2981,WR,NE,12,12.1,1,68.4,,0,0,0,27.8,5,6,19,0,28.1,74.5,59.5,,58.9,0.0,0,0,35,0.0,0,122,1,13,95.9,117,37.7,46,132.0,19,3,62.3,76,152,55,4.2,11.7,1.3
Shaun McDonald,1418,WR,SL,16,9.3,1,68.4,,0,0,0,7.1,1,6,26,1,64.7,22.6,51.3,,51.9,0.0,0,0,28,0.6,1,175,1,13,94.3,165,90.3,158,106.0,19,1,9.1,16,134,15,1.2,10.3,0.81
Jabar Gaffney,1040,WR,NE,11,14.8,1,57.9,,0,0,0,15.4,2,9,19,0,43.5,71.5,58.4,,57.8,0.0,0,0,33,0.0,0,173,0,11,94.8,164,27.2,47,99.0,19,1,72.8,126,142,24,2.2,12.9,0.87
Ahmard Hall,3336,FB,TEN,14,0.6,4,78.9,,0,0,0,0.0,0,6,31,1,81.1,25.4,71.6,37.6,63.5,1.9,2,0,28,20.4,22,108,2,15,78.7,85,2.8,3,96.9,19,0,4.6,5,138,130,8.7,9.2,1.62
Mike Karney,1875,FB,NO,15,0.3,1,78.9,,0,0,0,6.3,1,6,20,0,65.6,77.0,63.1,64.9,58.2,4.4,8,0,12,34.1,62,182,2,15,63.7,116,8.2,15,122.8,19,2,2.2,4,96,89,5.9,6.4,0.83
Obafemi Ayanbadejo,297,FB,ARZ,13,0.7,4,89.5,,0,0,0,5.6,1,7,1,1,68.0,26.6,55.7,57.2,54.8,1.4,2,0,27,35.2,50,142,0,17,64.1,91,0.7,1,97.6,19,0,1.4,2,141,130,7.6,8.3,1.55
Michael Sellers,432,FB,WAS,16,1.3,2,94.7,,0,0,0,0.0,0,6,32,1,82.7,36.9,78.0,86.0,55.8,9.4,20,0,15,35.8,76,212,2,18,60.4,128,8.5,18,107.2,19,1,2.8,6,105,88,4.9,5.8,0.82
Vernand Morency,2290,HB,GB,13,-0.9,6,94.4,,0,0,0,5.6,1,4,12,0,67.7,65.9,53.1,51.5,67.3,0.0,0,1,29,31.1,41,132,0,17,65.2,86,2.3,3,70.8,18,0,4.5,6,118,134,7.9,6.9,1.37
James Thrash,323,WR,WAS,16,12.7,0,66.7,,0,0,1,0.0,0,9,32,0,80.0,72.3,66.4,72.9,64.5,10.9,15,0,27,5.8,8,138,3,12,87.7,121,21.0,29,111.1,18,1,67.4,93,151,22,1.8,12.6,1.25
John Madsen,3408,TE,OAK,11,10.6,0,61.1,,0,0,0,8.3,1,4,23,0,61.8,71.9,51.1,54.1,53.1,55.0,71,2,57,5.4,7,129,1,11,91.5,118,16.3,21,65.7,18,1,27.1,35,146,36,3.3,13.3,1.24
Tim Dwight,390,WR,NYJ,9,3.8,1,88.9,,0,0,0,5.9,1,7,22,0,67.0,74.2,62.7,,61.2,0.0,0,0,15,0.0,0,129,1,16,92.2,119,57.4,74,92.6,18,0,40.3,52,112,57,3.6,7.0,0.94
LenDale White,2990,HB,TEN,13,-2.2,2,77.8,,0,0,0,12.5,2,1,31,0,52.8,85.1,48.3,91.3,53.3,0.0,0,0,13,25.6,34,133,1,14,71.4,95,0.8,1,80.6,18,0,1.5,2,60,94,6.7,4.3,0.63
Jeb Putzier,1174,TE,HST,14,5.1,2,72.2,,0,0,0,13.3,2,6,13,0,48.0,72.3,52.4,37.9,57.2,75.2,124,0,26,9.7,16,165,3,13,85.5,141,7.9,13,91.2,18,0,15.8,26,125,70,5.4,9.6,0.89
Mike Williams,2227,WR,DET,8,14.6,1,44.4,,0,0,1,27.3,3,5,11,0,28.1,71.1,51.3,,52.1,0.0,0,1,21,0.0,0,160,1,8,94.4,151,67.5,108,57.4,18,1,32.5,52,99,27,3.4,12.4,0.66
William Henderson,134,FB,GB,12,2.1,1,66.7,,0,0,0,14.3,2,3,12,0,47.7,72.3,56.7,83.9,49.0,1.7,2,1,13,28.8,34,118,0,12,67.8,80,0.0,0,48.8,18,0,2.5,3,62,58,4.8,5.2,0.78
Justin Peelle,1104,TE,MIA,15,3.8,1,88.9,,0,0,0,0.0,0,4,17,0,82.4,73.5,76.2,69.0,70.9,67.9,89,0,25,38.2,50,131,3,16,60.3,79,9.2,12,112.0,18,1,6.1,8,116,73,4.6,7.3,1.47
Maurice Morris,1061,HB,SEA,16,1.1,3,64.7,,0,0,0,15.4,2,1,29,0,43.8,76.0,35.9,37.4,41.9,0.0,0,0,27,20.7,47,227,0,11,77.1,175,2.2,5,68.5,17,0,12.3,28,46,48,4.4,4.2,0.26
Tony Stewart,887,TE,CIN,16,5.4,4,82.4,,0,0,0,0.0,0,5,7,0,81.1,73.0,71.6,48.2,71.3,44.5,65,0,26,13.7,20,146,0,14,82.2,120,15.8,23,115.7,17,1,6.8,10,120,56,4.0,8.6,1.0
Brandon Manumaleuna,876,TE,SD,16,2.9,1,82.4,,0,0,0,0.0,0,6,27,0,82.2,73.6,74.8,84.4,55.7,44.1,126,0,19,44.8,128,286,1,14,54.2,155,11.5,33,128.6,17,3,7.7,22,91,69,4.9,6.5,0.59
Tony Fisher,1241,HB,SL,8,-0.2,2,82.4,,0,0,0,6.7,1,5,26,0,65.9,75.5,62.3,86.4,82.5,0.0,0,0,49,23.5,12,51,0,14,74.5,38,0.0,0,105.6,17,0,2.0,1,159,160,11.4,11.4,4.18
Bethel Johnson,1361,WR,MIN,11,20.5,2,52.9,,0,0,0,0.0,0,6,18,0,78.0,73.4,62.1,,62.6,0.0,0,1,40,0.0,0,140,0,9,95.7,134,15.0,21,59.9,17,0,85.0,119,156,54,6.0,17.3,1.16
Itula Mili,284,TE,SEA,9,7.3,0,62.5,,0,0,0,0.0,0,4,29,0,78.0,71.1,57.4,75.8,53.7,85.0,108,1,15,10.2,13,127,2,10,86.6,110,10.2,13,46.1,16,0,4.7,6,69,35,3.5,6.9,0.63
Zack Crockett,136,FB,OAK,16,0.4,1,62.5,,0,0,0,9.1,1,1,23,0,60.6,25.3,56.6,69.7,49.1,1.1,2,0,14,48.0,85,177,2,10,50.3,89,2.3,4,68.0,16,0,0.0,0,53,52,5.2,5.3,0.6
Marcus Pollard,151,TE,DET,13,3.9,0,75.0,,0,0,1,7.7,1,6,11,0,46.0,71.9,66.6,81.0,49.6,75.2,97,0,22,17.8,23,129,1,12,73.6,95,11.6,15,90.6,16,0,3.1,4,100,58,4.8,8.3,1.05
Corey Dillon,249,HB,NE,16,-1.9,1,93.8,,0,0,0,0.0,0,5,19,0,81.1,66.6,50.2,83.6,67.5,0.0,0,1,52,21.6,27,125,1,15,76.0,95,0.0,0,78.9,16,0,7.2,9,147,177,11.8,9.8,1.55
Carlyle Holiday,2640,WR,GB,7,12.8,0,56.3,,0,0,0,0.0,0,6,12,0,78.0,71.6,63.8,,63.7,0.0,0,0,35,0.0,0,111,1,9,93.7,104,7.2,8,81.8,16,0,92.8,103,126,36,4.0,14.0,1.21
Dave Thomas,3031,TE,NE,13,6.4,3,73.3,,0,0,0,0.0,0,5,19,0,78.7,71.5,78.5,51.2,72.1,52.8,66,0,36,16.0,20,125,3,11,79.2,99,38.4,48,129.6,15,1,6.4,8,159,91,8.3,14.5,1.61
Ron Dayne,589,HB,HST,11,-0.4,1,93.3,,0,0,0,0.0,0,3,13,0,80.6,74.7,59.5,88.2,59.9,0.0,0,0,13,31.3,50,160,0,14,65.0,104,0.0,0,88.1,15,0,4.4,7,77,83,5.9,5.5,0.74
Shaun Alexander,597,HB,SEA,10,-0.2,2,80.0,,0,0,0,14.3,2,2,29,1,46.0,37.9,50.9,76.5,34.4,0.0,0,0,14,15.4,37,241,1,12,80.9,195,0.8,2,80.0,15,0,7.9,19,48,56,4.7,4.0,0.25
Joshua Cribbs,2544,WR,CLV,14,7.3,1,66.7,,0,0,1,23.1,3,4,8,1,29.5,21.5,47.0,46.5,48.8,0.0,0,0,14,0.0,0,140,1,10,96.4,135,16.4,23,82.9,15,0,83.6,117,91,47,4.7,9.1,0.67
Stephen Davis,192,HB,SL,15,2.0,1,80.0,,0,0,0,7.7,1,5,26,0,61.8,43.0,58.5,71.4,63.3,0.0,0,0,18,24.1,20,83,0,12,71.1,59,1.2,1,113.9,15,1,0.0,0,90,70,5.8,7.5,1.53
Koren Robinson,2864,WR,GB,3,14.5,0,46.7,,0,0,0,12.5,1,6,12,0,54.9,70.1,70.9,,69.9,0.0,0,0,24,0.0,0,53,1,7,86.8,46,17.0,9,65.7,15,0,83.0,44,89,17,2.4,12.7,1.93
Jerious Norwood,3024,HB,ATL,14,0.0,2,85.7,,0,0,0,0.0,0,4,2,0,80.6,88.1,78.3,85.9,80.2,1.3,1,0,32,12.5,10,80,0,12,82.5,66,0.0,0,97.0,14,0,16.3,13,102,98,8.2,8.5,1.55
Julius Jones,1764,HB,DAL,16,-1.3,0,64.3,,0,0,0,18.2,2,7,9,0,41.1,84.9,46.7,76.2,53.0,0.3,1,1,39,38.1,111,291,1,9,58.1,169,1.0,3,68.2,14,0,5.2,15,142,150,16.7,15.8,0.84
Jim Finn,541,FB,NYG,16,1.6,0,57.1,,0,0,1,11.1,1,4,21,0,35.7,71.5,76.2,67.4,42.2,0.0,0,0,11,20.6,29,141,2,8,74.5,105,2.8,4,65.8,14,0,9.2,13,54,44,5.5,6.8,0.51
Nick Goings,956,HB,CAR,9,4.9,1,71.4,,0,0,0,0.0,0,3,5,0,78.0,76.1,63.9,83.8,73.7,1.6,1,1,23,18.0,11,61,0,10,80.3,49,9.8,6,87.5,14,1,19.7,12,107,77,7.7,10.7,2.18
Lamont Jordan,819,HB,OAK,9,-2.4,2,71.4,,0,0,0,0.0,0,4,23,1,78.0,69.0,62.1,71.2,46.7,0.5,1,0,21,46.3,88,190,0,10,51.6,98,0.0,0,83.6,14,0,0.5,1,74,99,9.9,7.4,0.76
Jim Kleinsasser,469,TE,MIN,16,7.3,0,50.0,,0,0,0,30.0,3,1,18,0,28.4,69.5,73.5,70.0,30.4,96.2,205,1,14,41.8,89,213,0,7,54.5,116,1.9,4,28.0,14,0,1.4,3,47,19,2.7,6.7,0.41
Aaron Moorehead,1665,WR,IND,10,10.2,0,57.1,,0,0,0,0.0,0,5,14,0,76.5,70.1,57.8,,57.4,0.0,0,0,36,0.0,0,97,0,8,99.0,96,7.2,7,97.9,14,1,92.8,90,82,11,1.4,10.3,0.85
Dwayne Blakley,1219,TE,ATL,16,11.8,0,46.2,,0,0,0,0.0,0,4,2,0,74.6,68.8,52.6,60.4,51.3,48.6,67,3,28,15.9,22,138,1,6,81.9,113,35.5,49,25.3,13,0,8.7,12,76,20,3.3,12.7,0.67
Tony Richardson,110,FB,MIN,9,1.6,5,100.0,,0,0,0,0.0,0,7,18,0,80.6,74.9,75.4,69.6,80.0,2.8,3,0,35,25.0,27,108,0,13,69.4,75,0.0,0,105.4,13,0,0.0,0,121,100,7.7,9.3,1.61
Visanthe Shiancoe,1406,TE,NYG,16,4.8,0,92.3,,0,0,0,0.0,0,4,21,1,79.4,20.9,58.1,74.2,50.4,70.8,119,1,16,17.9,30,168,2,12,79.2,133,19.0,32,60.6,13,0,4.2,7,81,35,2.9,6.8,0.61
Brandon Jacobs,2327,HB,NYG,15,-1.1,2,84.6,,0,0,0,8.3,1,3,21,0,60.2,43.0,70.9,51.0,68.7,0.0,0,0,43,30.9,30,97,2,11,67.0,65,2.1,2,114.4,13,0,4.1,4,149,168,15.3,13.5,2.29
Maurice Hicks,1253,HB,SF,13,-0.3,4,100.0,,0,0,0,0.0,0,6,28,0,80.0,80.6,64.1,80.4,90.4,1.5,1,0,33,24.6,16,65,0,13,70.8,46,3.1,2,136.2,13,1,0.0,0,137,141,10.8,10.5,2.98
Robert Ferguson,811,WR,GB,4,18.4,0,38.5,,0,0,0,0.0,0,2,12,0,73.4,68.0,50.4,,50.2,0.0,0,0,10,0.0,0,109,0,5,97.2,106,6.4,7,72.3,13,1,93.6,102,31,-2,-0.4,6.2,0.29
Ben Hartsock,1789,TE,TEN,6,7.2,2,46.2,,0,0,0,33.3,3,4,31,0,27.9,68.8,65.2,61.6,51.7,86.0,86,0,23,28.0,28,100,1,6,72.0,72,12.0,12,62.3,13,0,2.0,2,68,52,8.7,11.3,0.94
Johnnie Morant,1855,WR,OAK,9,9.9,1,53.8,,0,0,0,12.5,1,3,23,2,54.5,11.2,48.1,,48.5,0.0,0,2,18,0.0,0,137,1,7,94.9,130,10.2,14,29.8,13,0,89.8,123,70,22,3.1,10.0,0.54
Jeff Dugan,1936,TE,MIN,7,4.2,2,66.7,,0,0,0,11.1,1,5,18,0,54.5,70.1,62.1,68.6,60.8,9.5,10,1,10,26.7,28,105,0,8,69.5,73,2.9,3,64.6,12,1,2.9,3,40,30,3.8,5.0,0.55
Maurice Stovall,3035,WR,TB,7,9.4,1,58.3,,0,0,1,12.5,1,5,30,0,54.5,71.5,64.5,,59.9,0.0,0,1,27,0.0,0,93,2,7,96.8,90,19.4,18,51.4,12,0,80.6,75,102,28,4.0,14.6,1.13
Jason Avant,3054,WR,PHI,7,10.8,2,58.3,,0,0,0,0.0,0,5,24,1,76.5,18.5,56.7,69.9,55.0,1.9,2,0,18,1.9,2,107,1,7,93.5,100,69.2,74,102.1,12,1,29.0,31,68,35,5.0,9.7,0.68
Michael Robinson,3045,HB,SF,12,0.0,2,75.0,,0,0,1,0.0,0,3,28,0,77.3,81.5,52.1,81.6,70.6,0.0,0,0,12,24.7,18,73,3,9,69.9,51,2.7,2,80.9,12,0,2.7,2,47,52,5.8,5.2,0.92
Brandon Miree,1961,FB,GB,10,1.9,0,75.0,,0,0,0,18.2,2,3,12,0,38.4,70.6,48.1,87.7,42.3,0.0,0,0,20,21.3,20,94,1,9,75.5,71,0.0,0,84.4,12,0,2.1,2,57,32,3.6,6.3,0.8
Jerome Harrison,3090,HB,CLV,10,2.6,1,75.0,,0,0,0,10.0,1,1,8,0,41.1,28.7,55.6,76.6,51.8,0.6,1,0,12,52.7,87,165,0,9,44.2,73,2.4,4,80.9,12,0,7.9,13,47,58,6.4,5.2,0.64
Dan Kreider,749,FB,PIT,16,1.5,0,66.7,,0,0,0,20.0,2,2,25,0,35.3,70.8,72.3,53.0,42.2,1.4,2,0,15,21.9,32,146,0,8,76.0,111,0.7,1,79.2,12,0,0.0,0,62,51,6.4,7.8,0.56
Mike Anderson,693,HB,BLT,13,-1.4,2,75.0,,0,0,0,10.0,1,2,3,0,58.5,41.9,55.9,54.8,54.5,0.9,1,0,13,40.9,47,115,0,9,56.5,65,5.2,6,83.3,12,0,4.3,5,54,70,7.8,6.0,0.83
Michael Bennett,797,HB,KC,11,-0.8,4,75.0,,0,0,0,0.0,0,1,16,0,78.0,81.6,67.7,80.8,69.0,0.0,0,0,14,8.3,5,60,0,9,90.0,54,6.7,4,91.3,12,0,3.3,2,77,85,9.4,8.6,1.43
Brad Smith,3048,WR,NYJ,15,3.8,1,75.0,,0,0,0,0.0,0,5,22,0,78.0,78.1,64.5,66.3,66.4,6.5,6,1,19,1.1,1,92,1,9,92.4,85,35.9,33,52.1,12,0,47.8,44,64,40,4.4,7.1,0.75
Kelley Washington,1380,WR,CIN,5,7.3,1,75.0,,0,0,0,0.0,0,7,7,0,77.3,70.6,70.9,,65.8,0.0,0,0,22,0.0,0,101,0,9,98.0,99,72.3,73,132.3,12,1,26.7,27,115,47,5.2,12.8,1.16
Keary Colbert,1783,WR,CAR,11,15.2,1,45.5,,0,0,0,0.0,0,4,5,0,45.8,68.0,50.6,60.5,50.6,2.1,3,1,16,0.7,1,143,0,5,94.4,135,29.4,42,23.3,11,0,68.5,98,56,21,4.2,11.2,0.41
Ernie Conwell,180,TE,NO,7,5.1,0,72.7,,0,0,0,20.0,2,3,20,0,56.7,70.6,66.4,69.8,46.7,84.1,116,0,15,27.5,38,138,1,8,68.1,94,10.1,14,114.6,11,1,0.7,1,57,16,2.0,7.1,0.61
Chris Perry,1747,HB,CIN,4,-0.6,0,81.8,,0,0,0,0.0,0,3,7,0,78.0,75.8,82.6,79.0,87.6,0.0,0,0,12,15.4,4,26,0,9,80.8,21,3.8,1,82.6,11,0,15.4,4,42,52,5.8,4.7,2.0
Sam Hurd,3362,WR,DAL,13,12.2,1,45.5,,0,0,0,0.0,0,2,9,0,74.6,68.8,70.9,,68.7,0.0,0,0,33,0.0,0,61,0,5,91.8,56,18.0,11,68.4,11,0,80.3,49,75,14,2.8,15.0,1.34
Terrelle Smith,651,FB,CLV,16,0.2,2,72.7,,0,0,0,20.0,2,0,8,0,35.3,74.6,57.3,84.5,37.9,2.7,4,0,7,30.0,45,150,0,8,66.7,100,2.7,4,75.2,11,0,4.0,6,21,22,2.8,2.6,0.21
Brandon Stokley,498,WR,IND,4,12.5,1,72.7,,0,0,0,27.3,3,3,14,0,29.1,70.6,55.5,,54.7,0.0,0,0,23,0.0,0,57,0,8,93.0,53,94.7,54,125.2,11,1,5.3,3,85,31,3.9,10.6,1.6
B.J. Askew,1400,FB,NYJ,13,2.9,2,81.8,,0,0,0,0.0,0,3,22,0,77.3,74.0,62.4,62.4,63.2,3.1,4,0,12,43.4,56,129,0,9,54.3,70,3.1,4,85.6,11,0,8.5,11,50,46,5.1,5.6,0.71
Shawn Bryson,491,FB,DET,6,1.4,1,90.0,,0,0,0,0.0,0,6,11,0,77.3,72.0,71.9,48.4,90.5,0.0,0,0,37,17.1,7,41,0,9,82.9,34,7.3,3,145.8,10,1,4.9,2,110,103,11.4,12.2,3.24
Cory Schlesinger,141,FB,DET,12,1.9,0,80.0,,0,0,0,0.0,0,0,11,0,77.6,70.4,65.1,83.5,54.7,0.9,1,0,6,34.0,36,106,0,8,61.3,65,0.0,0,81.7,10,0,1.9,2,36,21,2.6,4.5,0.55
Taylor Jacobs,1360,WR,SF,7,17.0,0,40.0,,0,0,0,0.0,0,2,28,0,72.1,67.0,59.8,,59.3,0.0,0,0,10,0.0,0,57,0,4,98.2,56,5.3,3,47.9,10,0,94.7,54,29,1,0.3,7.3,0.52
J.J. Arrington,2261,HB,ARZ,12,0.2,2,80.0,,0,0,0,11.1,1,4,1,0,54.5,76.7,49.9,51.3,58.5,0.0,0,0,19,20.0,10,50,0,8,76.0,38,0.0,0,90.8,10,0,0.0,0,58,53,6.6,7.3,1.53
Madison Hedgecock,2468,FB,SL,15,2.0,0,70.0,,0,0,0,12.5,1,1,26,0,52.5,70.3,69.0,78.8,43.2,6.1,8,0,7,38.9,51,131,0,7,58.8,77,0.8,1,72.9,10,0,0.0,0,29,19,2.7,4.1,0.38
Eddie Drummond,1237,WR,DET,6,7.8,0,20.0,,0,0,0,50.0,2,1,11,0,27.3,66.2,45.1,,46.3,0.0,0,1,8,0.0,0,65,0,2,93.8,61,53.8,35,0.0,10,0,44.6,29,10,2,1.0,5.0,0.16
Jamal Jones,2088,WR,NO,7,19.5,1,60.0,,0,0,0,14.3,1,3,20,0,49.2,68.8,64.1,,62.8,0.0,0,1,41,0.0,0,60,0,6,95.0,57,40.0,24,90.8,10,1,60.0,36,108,37,6.2,18.0,1.89
Kevan Barlow,841,HB,NYJ,12,-1.8,0,70.0,,0,0,0,30.0,3,1,22,0,28.8,90.0,37.2,53.1,32.2,0.0,0,0,8,52.0,39,75,0,7,45.3,34,0.0,0,72.9,10,0,4.0,3,21,33,4.7,3.0,0.62
Jason Wright,2212,HB,CLV,9,-0.3,0,60.0,,0,0,0,14.3,1,2,8,0,29.8,53.8,48.5,62.4,42.5,0.9,1,0,54,40.6,43,106,0,6,57.5,61,2.8,3,86.3,10,0,5.7,6,82,86,14.3,13.7,1.34
Sinorice Moss,2989,WR,NYG,6,10.4,1,50.0,,0,0,0,28.6,2,1,21,0,29.7,68.8,53.8,,54.7,0.0,0,0,10,0.0,0,27,0,5,92.6,25,44.4,12,56.3,10,0,55.6,15,25,24,4.8,5.0,1.0
Cecil Sapp,1695,FB,DEN,11,1.1,0,80.0,,0,0,0,11.1,1,1,10,0,54.5,75.4,56.1,60.7,57.1,0.0,0,0,9,28.0,14,50,1,8,70.0,35,0.0,0,80.8,10,0,0.0,0,34,29,3.6,4.3,0.97
Cortez Hankton,1618,WR,JAX,12,16.2,0,50.0,,0,0,0,0.0,0,4,15,0,74.6,68.8,57.1,,56.2,0.0,0,0,15,0.0,0,99,0,5,91.9,91,16.2,16,63.8,10,0,83.8,83,48,0,0.0,9.6,0.53
Jason Dunn,178,TE,KC,15,5.2,2,40.0,,0,0,0,50.0,4,3,16,0,25.9,67.0,67.7,69.6,37.1,88.2,127,0,15,56.3,81,144,4,4,42.4,61,9.7,14,52.1,10,0,0.7,1,40,32,8.0,10.0,0.66
Casey Fitzsimmons,1607,TE,DET,8,7.2,0,70.0,,0,0,0,0.0,0,3,11,0,75.6,69.5,65.0,71.6,64.8,39.0,16,0,18,2.4,1,41,0,7,95.1,39,31.7,13,90.0,10,0,19.5,8,71,51,7.3,10.1,1.82
Heath Evans,843,FB,NE,15,1.4,1,77.8,,0,0,0,0.0,0,2,19,0,75.6,29.7,71.2,71.1,77.0,3.0,2,0,11,29.9,20,67,1,7,65.7,44,0.0,0,119.4,9,1,4.5,3,34,28,4.0,4.9,0.77
Daimon Shelton,287,FB,BUF,14,2.8,0,77.8,,0,0,0,0.0,0,2,4,0,75.6,69.5,68.8,78.5,66.2,0.0,0,0,14,55.1,54,98,4,7,44.9,44,0.0,0,82.9,9,0,2.0,2,35,24,3.4,5.0,0.8
Aveion Cason,945,HB,DET,6,-1.3,0,55.6,,0,0,1,16.7,1,1,11,0,45.8,79.0,52.5,64.1,46.9,0.0,0,0,14,16.9,11,65,1,5,76.9,50,0.0,0,60.9,9,0,1.5,1,26,29,5.8,5.2,0.52
Jeremi Johnson,1430,FB,CIN,16,0.9,0,77.8,,0,0,0,22.2,2,1,7,0,32.2,76.8,78.3,46.8,37.1,3.5,5,0,17,22.5,32,142,1,7,74.6,106,2.1,3,83.3,9,0,2.1,3,36,32,4.6,5.1,0.34
Devale Ellis,3303,WR,DET,8,12.3,1,44.4,,0,0,0,0.0,0,2,11,0,72.1,69.4,55.6,,53.6,0.0,0,1,19,0.0,0,96,0,4,95.8,92,39.6,38,18.5,9,0,60.4,58,41,16,4.0,10.3,0.45
Cedric Benson,2221,HB,CHI,15,-2.6,2,88.9,,0,0,0,0.0,0,2,6,0,76.5,90.3,47.6,51.2,66.6,0.0,0,0,22,38.5,45,117,0,8,57.3,67,1.7,2,91.7,9,0,5.1,6,54,75,9.4,6.8,0.81
Kyle Johnson,1138,FB,DEN,13,3.1,0,77.8,,0,0,0,12.5,1,2,10,0,52.1,72.9,62.4,84.4,54.1,1.1,1,0,20,28.4,27,95,0,7,68.4,65,0.0,0,120.8,9,1,1.1,1,37,35,5.0,5.3,0.57
John Gilmore,1176,TE,CHI,16,6.1,1,66.7,,0,0,0,0.0,0,3,6,0,75.9,69.1,88.6,70.0,55.5,97.9,95,0,18,23.7,23,97,2,6,72.2,70,1.0,1,114.8,9,2,1.0,1,38,24,4.0,6.3,0.54
Mark Bruener,125,TE,HST,13,5.3,0,100.0,,0,0,0,0.0,0,4,13,0,77.3,70.6,71.0,64.8,61.5,100.0,99,0,25,38.4,38,99,1,9,59.6,59,0.0,0,135.0,9,2,0.0,0,62,29,3.2,6.9,1.05
Rod Gardner,785,WR,KC,13,12.2,0,22.2,,0,0,0,33.3,1,2,16,0,30.0,64.0,54.1,,49.5,0.0,0,2,13,0.0,0,63,0,2,93.7,59,14.3,9,0.0,9,0,85.7,54,17,8,4.0,8.5,0.29
Michael Jennings,1261,WR,NYG,4,4.0,0,62.5,,0,0,0,0.0,0,2,21,0,73.4,70.0,66.5,,66.4,4.3,1,0,20,0.0,0,23,0,5,100.0,23,8.7,2,79.7,8,0,87.0,20,49,43,8.6,9.8,2.13
Justin Gage,1452,WR,CHI,4,14.4,1,50.0,,0,0,0,0.0,0,2,6,1,72.1,18.7,56.9,,55.7,0.0,0,1,34,0.0,0,57,0,4,94.7,54,15.8,9,39.6,8,0,84.2,48,68,17,4.3,17.0,1.26
Gabe Reid,1688,TE,CHI,8,4.1,1,50.0,,0,0,0,20.0,1,2,6,0,41.6,67.0,64.8,73.9,49.9,50.7,38,0,19,20.0,15,75,2,4,78.7,59,24.0,18,63.0,8,0,0.0,0,37,19,4.8,9.3,0.63
Marcel Shipp,987,HB,ARZ,11,2.1,0,75.0,,0,0,0,14.3,1,3,1,0,49.7,77.2,48.2,23.2,56.9,0.0,0,0,22,19.0,11,58,0,6,75.9,44,0.0,0,95.8,8,0,0.0,0,60,45,7.5,10.0,1.36
Derrick Blaylock,889,HB,NYJ,2,1.3,0,62.5,,0,0,0,0.0,0,1,22,0,73.4,79.2,53.5,66.4,58.0,2.7,2,0,9,25.7,19,74,0,5,71.6,53,6.8,5,69.3,8,0,1.4,1,29,27,5.4,5.8,0.55
Sean Ryan,1865,TE,NYJ,16,3.4,0,75.0,,0,0,0,14.3,1,1,22,1,49.7,16.9,50.1,48.8,38.5,55.0,66,0,10,29.2,35,120,3,6,65.0,78,10.8,13,87.5,8,0,15.8,19,44,20,3.3,7.3,0.56
Richard Owens,2141,TE,MIN,16,8.5,0,62.5,,0,0,0,0.0,0,2,18,0,73.4,68.0,53.2,62.9,45.8,73.8,93,0,15,12.7,16,126,0,5,81.0,102,12.7,16,69.3,8,0,7.9,10,29,16,3.2,5.8,0.28
Jerame Tuman,513,TE,PIT,15,6.5,0,87.5,,0,0,0,0.0,0,5,25,0,76.8,69.8,71.8,82.6,74.2,86.6,71,0,21,35.4,29,82,1,7,63.4,52,12.2,10,144.3,8,1,1.2,1,73,36,5.1,10.4,1.4
Cedric Houston,2399,HB,NYJ,7,-1.1,1,87.5,,0,0,0,12.5,1,1,22,0,54.5,88.7,57.4,87.1,53.5,0.0,0,0,11,49.2,32,65,1,7,47.7,31,1.5,1,89.1,8,0,3.1,2,43,53,7.6,6.1,1.39
Brad Cieslak,2533,TE,BUF,7,4.4,0,75.0,,0,0,1,0.0,0,2,4,0,74.6,68.8,71.2,88.9,59.3,55.1,38,1,13,43.5,30,69,1,6,55.1,38,8.7,6,49.0,8,0,4.3,3,46,47,7.8,7.7,1.21
Lousaka Polite,2152,FB,DAL,6,3.3,0,28.6,,0,0,0,33.3,1,2,9,0,29.9,72.3,61.6,83.0,46.2,2.4,1,0,12,19.5,8,41,0,2,73.2,30,0.0,0,39.6,7,0,0.0,0,21,17,8.5,10.5,0.7
Paris Warren,2442,WR,TB,6,7.9,1,71.4,,0,0,0,0.0,0,2,30,0,73.4,68.0,72.7,,71.9,0.0,0,0,26,0.0,0,32,0,5,100.0,32,37.5,12,99.1,7,0,62.5,20,63,19,3.8,12.6,1.97
Vonta Leach,2100,FB,HST,10,3.1,2,85.7,,0,0,0,0.0,0,5,13,0,74.6,68.8,96.5,74.9,76.4,0.0,0,0,19,18.9,10,53,0,6,77.4,41,0.0,0,142.6,7,1,3.8,2,61,44,7.3,10.2,1.49
Martin Nance,3440,WR,MIN,1,12.1,0,57.1,,0,0,0,0.0,0,1,18,1,72.1,15.2,53.1,,53.2,0.0,0,0,12,0.0,0,37,0,4,97.3,36,8.1,3,69.3,7,0,91.9,34,33,13,3.3,8.3,0.92
Kyle Brady,118,TE,JAX,16,5.3,0,71.4,,0,0,0,16.7,1,2,15,0,45.8,68.0,77.0,74.8,42.1,89.0,186,0,13,57.4,120,209,5,5,41.1,86,0.5,1,83.6,7,0,0.0,0,37,13,2.6,7.4,0.43
Nate Jackson,1259,TE,DEN,6,6.2,0,83.3,,0,0,0,0.0,0,1,10,0,73.4,68.0,68.6,71.8,67.0,85.0,34,0,24,7.5,3,40,0,5,90.0,36,0.0,0,100.7,6,0,15.0,6,49,27,5.4,9.8,1.36
Tab Perry,2407,WR,CIN,2,7.3,0,83.3,,0,0,0,0.0,0,3,7,0,73.4,70.0,67.4,73.4,75.6,0.0,0,0,30,5.6,1,18,0,5,94.4,17,50.0,9,118.8,6,0,27.8,5,81,54,10.8,16.2,4.76
Darian Barnes,1216,FB,MIA,14,1.3,2,50.0,,0,0,0,50.0,3,1,17,0,26.5,65.8,57.9,37.1,27.9,0.0,0,0,13,35.8,24,67,1,3,59.7,40,0.0,0,59.0,6,0,0.0,0,22,15,5.0,7.3,0.55
Moran Norris,865,FB,SF,14,1.0,1,83.3,,0,0,0,16.7,1,3,28,0,45.8,70.0,81.7,83.5,54.2,1.5,2,0,32,53.4,70,131,0,5,44.3,58,0.0,0,131.3,6,2,5.3,7,36,35,7.0,7.2,0.62
Aaron Walker,1469,TE,SL,16,6.8,2,83.3,,0,0,0,16.7,1,4,26,0,45.8,68.0,66.0,77.5,44.6,93.1,135,0,26,55.2,80,145,1,5,43.4,63,3.4,5,113.9,6,0,0.7,1,68,32,6.4,13.6,1.08
Reno Mahe,1654,HB,PHI,4,1.7,1,83.3,,0,0,0,0.0,0,1,24,1,73.4,19.6,46.3,84.8,40.7,0.0,0,0,8,30.3,10,33,0,5,60.6,20,9.1,3,82.6,6,0,9.1,3,23,16,3.2,4.6,1.15
Courtney Roby,2285,WR,TEN,10,17.5,0,33.3,,0,0,1,0.0,0,1,31,0,68.3,66.2,56.0,,57.4,0.0,0,2,21,0.0,0,65,1,2,98.5,64,18.5,12,9.7,6,0,81.5,53,28,4,2.0,14.0,0.44
Chris Francies,3313,WR,GB,7,10.0,1,33.3,,0,0,0,0.0,0,2,12,0,68.3,64.0,58.1,,57.9,0.0,0,1,12,0.0,0,24,0,2,87.5,21,0.0,0,2.8,6,0,100.0,24,16,8,4.0,8.0,0.76
Travis Wilson,3023,WR,CLV,4,16.7,1,33.3,,0,0,0,0.0,0,2,8,0,68.3,64.0,56.7,,56.5,0.0,0,1,16,0.0,0,77,0,2,93.5,72,7.8,6,12.5,6,0,92.2,71,32,5,2.5,16.0,0.44
Clarence Moore,1915,WR,BLT,8,14.8,0,33.3,,0,0,0,0.0,0,1,3,0,68.3,64.0,62.2,74.4,57.6,11.1,3,1,4,11.1,3,27,0,2,85.2,23,40.7,11,42.4,6,1,44.4,12,1,0,0.0,0.5,0.04
Lawrence Vickers,3125,FB,CLV,11,-1.3,0,100.0,,0,0,0,0.0,0,2,8,0,74.6,71.8,55.7,81.1,71.5,0.0,0,0,29,18.8,6,32,1,6,75.0,24,6.3,2,108.3,6,0,0.0,0,60,68,11.3,10.0,2.5
Andre' Davis,1054,WR,BUF,11,20.0,0,33.3,,0,0,0,0.0,0,0,4,0,68.3,64.0,50.9,,50.6,0.0,0,0,8,0.0,0,43,0,2,100.0,43,2.3,1,42.4,6,0,97.7,42,13,5,2.5,6.5,0.3
Taye Biddle,3231,WR,CAR,2,15.6,0,60.0,,0,0,0,0.0,0,1,5,0,70.5,65.8,59.6,,59.4,0.0,0,1,22,0.0,0,29,0,3,96.6,28,27.6,8,43.3,5,0,69.0,20,37,6,2.0,12.3,1.32
John Owens,1133,TE,NO,5,5.8,1,80.0,,0,0,0,20.0,1,1,20,0,41.6,67.0,57.2,78.4,61.4,97.4,37,0,25,26.3,10,38,2,4,71.1,27,2.6,1,103.3,5,0,0.0,0,44,24,6.0,11.0,1.63
Antonio Chatman,946,WR,CIN,3,9.4,1,60.0,,0,0,0,0.0,0,2,7,0,70.5,65.8,61.5,,61.1,0.0,0,0,10,0.0,0,41,0,3,90.2,37,14.6,6,70.4,5,0,82.9,34,22,12,4.0,7.3,0.59
Damian Nash,2359,HB,DEN,3,-0.6,0,80.0,,0,0,0,20.0,1,2,10,0,46.3,77.6,60.3,62.8,58.9,0.0,0,0,13,16.7,6,36,0,4,77.8,28,0.0,0,100.8,5,0,0.0,0,41,45,11.3,10.3,1.46
Sean McHugh,1955,TE,DET,6,4.0,1,60.0,,0,0,0,0.0,0,2,11,0,70.5,65.8,64.8,75.4,60.2,19.6,9,0,11,39.1,18,46,0,3,60.9,28,2.2,1,72.9,5,0,6.5,3,25,13,4.3,8.3,0.89
Chris Brown,1407,HB,TEN,5,0.0,0,40.0,,0,0,0,33.3,1,0,31,0,29.9,82.0,52.0,90.9,39.2,0.0,0,0,4,48.9,45,92,0,2,45.7,42,0.0,0,47.9,5,0,3.3,3,4,1,0.5,2.0,0.1
Adrian Peterson,1177,HB,CHI,8,-3.2,2,100.0,,0,0,0,0.0,0,1,6,0,73.4,74.7,71.0,86.1,82.2,0.0,0,0,32,55.6,15,27,0,5,44.4,12,0.0,0,109.2,5,0,0.0,0,51,67,13.4,10.2,4.25
Jamaal Branch,3246,HB,NO,1,-4.0,0,100.0,,0,0,0,0.0,0,1,20,0,73.4,74.7,57.3,20.9,79.9,0.0,0,0,7,34.8,8,23,0,5,60.9,14,0.0,0,118.8,5,1,0.0,0,14,34,6.8,2.8,1.0
James Hodgins,554,FB,NYJ,6,1.3,0,50.0,,0,0,0,33.3,1,0,22,0,30.0,64.0,43.3,87.6,39.8,9.1,3,0,6,48.5,16,33,0,2,51.5,17,6.1,2,56.3,4,0,0.0,0,9,6,3.0,4.5,0.53
David Patten,221,WR,WAS,4,17.0,0,25.0,,0,0,0,0.0,0,1,32,0,64.7,61.2,70.8,,71.4,0.0,0,0,25,0.0,0,21,0,1,95.2,20,52.4,11,53.1,4,0,47.6,10,25,0,0.0,25.0,1.25
Jerry Porter,617,WR,OAK,4,21.5,0,25.0,,0,0,0,0.0,0,1,23,0,64.7,61.2,69.9,,71.4,0.0,0,1,19,0.0,0,12,0,1,91.7,11,0.0,0,7.3,4,0,100.0,12,19,1,1.0,19.0,1.73
Ricky Proehl,11,WR,IND,2,10.5,0,75.0,,0,0,0,0.0,0,1,14,0,70.5,65.8,53.4,,52.4,0.0,0,0,13,0.0,0,59,0,3,96.6,57,100.0,59,95.8,4,0,0.0,0,30,4,1.3,10.0,0.53
Micheal Spurlock,3517,WR,ARZ,1,4.8,1,100.0,,0,0,0,0.0,0,2,1,0,72.1,67.0,77.1,,74.7,0.0,0,0,15,0.0,0,10,0,4,90.0,9,100.0,10,99.0,4,0,0.0,0,31,12,3.0,7.8,3.44
Will Heller,1623,TE,SEA,13,7.0,0,100.0,,0,0,0,0.0,0,2,29,0,72.1,67.0,60.9,76.6,62.3,72.5,37,0,12,19.6,10,51,1,4,78.4,40,0.0,0,139.6,4,1,2.0,1,32,9,2.3,8.0,0.8
Fred McCrary,142,FB,ATL,13,5.0,1,75.0,,0,0,0,0.0,0,2,2,0,70.5,65.8,76.2,87.4,64.9,5.7,3,1,7,26.4,14,53,0,3,73.6,39,1.9,1,78.1,4,1,0.0,0,13,15,5.0,4.3,0.33
Sean Morey,538,WR,PIT,4,12.3,0,50.0,,0,0,0,0.0,0,2,25,0,70.5,65.8,58.5,,58.3,0.0,0,0,15,0.0,0,29,1,2,96.6,28,27.6,8,74.0,4,0,69.0,20,29,6,3.0,14.5,1.04
Justin Green,2375,FB,BLT,8,-0.3,1,100.0,,0,0,0,0.0,0,1,3,0,72.1,67.0,48.4,57.1,65.6,0.0,0,0,12,45.5,20,44,1,4,54.5,24,0.0,0,84.4,4,0,2.3,1,17,18,4.5,4.3,0.71
Jeff Webb,3135,WR,KC,5,8.0,0,75.0,,0,0,0,0.0,0,2,16,0,70.5,65.8,61.4,,61.0,0.0,0,0,11,0.0,0,19,0,3,100.0,19,0.0,0,88.5,4,0,100.0,19,23,1,0.3,7.7,1.21
Delanie Walker,3120,TE,SF,6,3.0,1,50.0,,0,0,0,0.0,0,1,28,0,70.5,65.8,62.6,,62.4,65.0,13,0,29,0.0,0,20,0,2,95.0,19,15.0,3,75.0,4,0,15.0,3,30,31,15.5,15.0,1.58
Derrick Wimbush,2848,FB,JAX,12,3.3,1,100.0,,0,0,0,0.0,0,0,15,0,72.1,68.3,55.3,80.5,59.7,1.7,1,0,9,30.5,18,59,1,4,64.4,38,0.0,0,90.6,4,0,1.7,1,23,10,2.5,5.8,0.61
Chris Taylor,3529,HB,HST,3,2.0,1,100.0,,0,0,0,0.0,0,1,13,0,70.5,79.4,49.4,21.3,65.5,0.0,0,0,24,15.0,3,20,0,3,85.0,17,5.0,1,118.8,3,0,5.0,1,40,34,11.3,13.3,2.35
Ronnie Cruz,2024,FB,KC,5,0.0,1,66.7,,0,0,0,0.0,0,2,16,0,68.3,70.9,71.6,64.7,68.9,0.0,0,0,11,30.2,13,43,0,2,67.4,29,2.3,1,85.4,3,0,0.0,0,20,22,11.0,10.0,0.69
Ciatrick Fason,2329,HB,MIN,4,-1.3,0,100.0,,0,0,0,0.0,0,1,18,0,70.5,77.0,75.6,60.5,61.0,0.0,0,0,12,41.4,12,29,0,3,58.6,17,0.0,0,93.1,3,0,0.0,0,19,23,7.7,6.3,1.12
Travis Minor,846,HB,MIA,6,-1.3,0,100.0,,0,0,0,0.0,0,0,17,0,70.5,77.3,58.8,81.6,62.1,0.0,0,0,4,34.8,8,23,0,3,65.2,15,0.0,0,79.2,3,0,0.0,0,2,6,2.0,0.7,0.13
Todd Yoder,772,TE,WAS,8,10.0,0,33.3,,0,0,0,0.0,0,1,32,0,64.7,61.2,58.1,65.1,54.7,78.7,37,0,4,42.6,20,47,1,1,53.2,25,10.6,5,81.9,3,1,4.3,2,4,0,0.0,4.0,0.16
Jeff King,3100,TE,CAR,3,6.7,0,33.3,,0,0,0,0.0,0,1,5,0,64.7,61.2,58.0,78.7,58.9,39.1,9,0,1,17.4,4,23,2,1,82.6,19,26.1,6,81.9,3,1,8.7,2,1,0,0.0,1.0,0.05
Kelvin Kight,2095,WR,NE,3,12.7,0,33.3,,0,0,0,50.0,1,0,19,0,28.8,64.6,47.0,,45.0,0.0,0,0,9,0.0,0,38,2,1,94.7,36,10.5,4,42.4,3,0,89.5,34,9,3,3.0,9.0,0.25
Darnell Dinkins,1236,TE,CLV,11,10.7,0,66.7,,0,0,0,33.3,1,2,8,0,30.0,64.0,60.1,71.7,51.2,90.0,27,0,11,3.3,1,30,0,2,90.0,27,0.0,0,116.7,3,1,3.3,1,14,3,1.5,7.0,0.52
Edell Shepherd,1304,WR,HST,7,4.3,0,100.0,,0,0,0,0.0,0,0,13,0,70.5,68.7,59.8,,55.5,0.0,0,0,8,0.0,0,21,0,3,85.7,18,38.1,8,97.2,3,0,61.9,13,22,9,3.0,7.3,1.22
Dominique Byrd,3038,TE,SL,4,11.7,1,66.7,,0,0,0,0.0,0,2,26,0,68.3,64.0,72.9,67.1,75.6,55.6,10,0,27,11.1,2,18,0,2,83.3,15,5.6,1,149.3,3,1,33.3,6,39,24,12.0,19.5,2.6
Earnest Graham,1613,HB,TB,8,8.0,0,33.3,,0,0,0,0.0,0,0,30,0,64.7,74.1,65.0,83.1,54.0,12.5,3,0,4,29.2,7,24,0,1,66.7,16,4.2,1,42.4,3,0,0.0,0,4,0,0.0,4.0,0.25
Artose Pinner,1412,HB,MIN,9,0.7,0,66.7,,0,0,0,0.0,0,0,18,0,68.3,39.2,64.2,31.0,57.3,0.0,0,0,8,22.7,5,22,0,2,68.2,15,4.5,1,78.5,3,0,0.0,0,15,10,5.0,7.5,1.0
Michael Turner,1873,HB,SD,12,1.3,2,100.0,,0,0,0,0.0,0,2,27,0,70.5,86.1,78.6,87.1,76.3,0.0,0,0,30,35.3,12,34,1,3,64.7,22,0.0,0,118.8,3,0,0.0,0,47,43,14.3,15.7,2.14
Karl Hankton,308,WR,CAR,3,7.0,0,100.0,,0,0,0,0.0,0,2,5,0,70.5,65.8,65.2,49.9,67.9,0.0,0,0,18,0.0,0,17,0,3,100.0,17,17.6,3,109.7,3,0,82.4,14,31,10,3.3,10.3,1.82
Doug Jolley,1062,TE,TB,11,14.5,0,50.0,,0,0,0,0.0,0,0,30,0,64.7,61.2,51.4,57.7,50.0,62.1,18,1,7,10.3,3,29,0,1,79.3,23,6.9,2,18.8,2,0,31.0,9,7,0,0.0,7.0,0.3
Paul Smith,669,FB,SL,9,-1.5,0,0.0,,0,0,0,,0,0,26,0,,,64.8,71.7,49.0,0.0,0,0,0,26.8,11,41,0,0,70.7,29,2.4,1,39.6,2,0,0.0,0,0,0,,,0.0
Stacy Tutt,3538,HB,NYJ,2,12.0,0,0.0,,0,0,0,,0,0,22,0,,,53.7,,52.3,8.3,1,0,0,0.0,0,12,0,0,91.7,11,8.3,1,39.6,2,0,33.3,4,0,0,,,0.0
Patrick Pass,709,HB,NE,2,-2.5,0,100.0,,0,0,0,0.0,0,1,19,0,68.3,19.1,40.5,75.8,85.9,0.0,0,0,16,25.0,2,8,0,2,75.0,6,0.0,0,116.7,2,0,12.5,1,24,29,14.5,12.0,4.0
Casey Cramer,1942,TE,TEN,7,1.0,0,100.0,,0,0,0,0.0,0,1,31,0,68.3,64.0,61.0,24.7,61.4,26.7,4,0,6,26.7,4,15,1,2,66.7,10,20.0,3,83.3,2,0,6.7,1,8,6,3.0,4.0,0.8
Nate Lawrie,1899,TE,NO,6,11.5,0,50.0,,0,0,0,0.0,0,1,20,0,64.7,61.2,55.4,63.2,55.0,77.8,28,0,17,36.1,13,36,2,1,58.3,21,13.9,5,79.2,2,0,0.0,0,17,1,1.0,17.0,0.81
Alvin Pearman,2344,HB,JAX,4,1.5,0,100.0,,0,0,0,0.0,0,2,15,0,68.3,77.1,59.4,79.0,68.8,0.0,0,0,7,25.0,4,16,0,2,75.0,12,0.0,0,91.7,2,0,0.0,0,12,9,4.5,6.0,1.0
Brandon Childress,2532,WR,NE,2,3.5,0,100.0,,0,0,0,0.0,0,1,19,0,68.3,64.0,62.4,,63.6,0.0,0,0,5,0.0,0,7,0,2,100.0,7,14.3,1,81.3,2,0,57.1,4,7,0,0.0,3.5,1.0
Lance Moore,2718,WR,NO,4,5.0,0,50.0,,0,0,0,50.0,1,1,20,0,28.8,61.2,53.7,,54.2,0.0,0,0,10,0.0,0,12,0,1,100.0,12,66.7,8,64.6,2,0,33.3,4,10,7,7.0,10.0,0.83
Josh Parry,974,FB,SEA,6,4.0,0,50.0,,0,0,0,0.0,0,1,29,0,64.7,61.2,60.5,81.2,62.4,0.0,0,0,11,24.0,6,25,0,1,72.0,18,0.0,0,66.7,2,0,0.0,0,11,7,7.0,11.0,0.61
Damon Huard,215,QB,KC,10,-8.0,0,100.0,,0,0,0,0.0,0,0,16,4,,34.6,70.4,,58.9,0.0,0,0,-2,0.0,0,273,3,2,0.4,1,0.0,0,79.2,2,0,0.0,0,-6,10,5.0,-3.0,-6.0
Chris Hetherington,214,FB,SF,2,-0.5,0,100.0,,0,0,0,0.0,0,0,28,0,68.3,64.0,80.4,77.3,59.5,0.0,0,0,0,47.8,11,23,0,2,52.2,12,0.0,0,79.2,2,0,4.3,1,0,1,0.5,0.0,0.0
Kassim Osgood,1676,WR,SD,9,13.5,0,0.0,,0,0,0,100.0,1,0,27,0,27.9,,43.5,,45.6,0.0,0,0,0,0.0,0,29,1,0,100.0,29,24.1,7,39.6,2,0,75.9,22,0,0,,,0.0
Chad Mustard,1668,TE,DEN,8,7.0,0,100.0,,0,0,0,0.0,0,1,10,0,68.3,64.0,62.4,74.1,52.8,92.4,61,0,14,50.0,33,66,0,2,47.0,31,4.5,3,114.6,2,0,1.5,1,23,9,4.5,11.5,0.74
Fred Wakefield,999,TE,ARZ,14,3.0,1,100.0,,0,0,0,0.0,0,1,1,0,68.3,66.2,68.1,56.9,78.7,100.0,73,0,19,69.9,51,73,1,2,27.4,20,0.0,0,116.7,2,0,0.0,0,24,18,9.0,12.0,1.2
T.J. Duckett,1025,HB,WAS,10,-0.5,0,100.0,,0,0,0,0.0,0,1,32,0,68.3,37.5,40.8,29.3,59.7,0.0,0,0,19,19.4,7,36,0,2,75.0,27,0.0,0,100.0,2,0,0.0,0,16,17,8.5,8.0,0.59
James Adkisson,1554,TE,OAK,2,13.5,0,50.0,,0,0,0,0.0,0,0,23,0,64.7,61.2,55.7,,49.4,68.8,11,0,9,0.0,0,16,0,1,93.8,15,12.5,2,62.5,2,0,18.8,3,9,0,0.0,9.0,0.6
Brian Calhoun,3019,HB,DET,5,2.5,0,100.0,,0,0,0,0.0,0,1,11,0,68.3,20.6,44.1,34.9,65.4,0.0,0,0,18,28.6,4,14,0,2,64.3,9,7.1,1,108.3,2,0,0.0,0,20,15,7.5,10.0,2.22
Adam Jones,2223,CB,TEN,4,4.0,2,100.0,,0,0,0,0.0,0,2,31,1,68.3,16.5,87.2,,86.1,0.0,0,0,17,0.0,0,4,5,2,100.0,4,100.0,4,118.8,2,0,0.0,0,31,23,11.5,15.5,7.75
Josh McCown,1085,QB,DET,2,2.5,1,100.0,,0,0,0,0.0,0,0,11,0,70.5,65.8,52.2,,56.9,0.0,0,0,8,0.0,0,17,1,2,82.4,14,11.8,2,97.9,2,0,88.2,15,15,10,5.0,7.5,1.07
Cliff Russell,1090,WR,MIA,2,7.5,0,100.0,,0,0,0,0.0,0,0,17,0,68.3,64.0,60.5,,60.3,0.0,0,0,9,0.0,0,3,0,2,100.0,3,33.3,1,95.8,2,0,66.7,2,14,-1,-0.5,7.0,4.67
Christian Fauria,130,TE,WAS,9,3.0,0,100.0,,0,0,0,0.0,0,1,32,0,68.3,64.0,54.5,55.2,53.9,87.1,88,0,11,63.4,64,101,2,2,36.6,37,9.9,10,102.1,2,0,2.0,2,17,11,5.5,8.5,0.46
Quinn Sypniewski,3111,TE,BLT,15,5.0,0,100.0,,0,0,0,0.0,0,0,3,0,68.3,64.0,51.1,76.1,37.4,90.2,74,0,9,30.5,25,82,3,2,64.6,53,6.1,5,97.9,2,0,1.2,1,15,5,2.5,7.5,0.28
Brian Kozlowski,62,TE,WAS,3,10.0,0,50.0,,0,0,0,0.0,0,0,32,0,64.7,61.2,56.3,74.5,50.9,81.8,9,0,1,27.3,3,11,0,1,72.7,8,9.1,1,56.3,2,0,0.0,0,1,2,2.0,1.0,0.13
Glenn Holt,3355,WR,CIN,8,7.5,0,50.0,,0,0,0,0.0,0,0,7,0,64.7,61.2,55.5,,50.5,0.0,0,0,3,0.0,0,27,0,1,100.0,27,88.9,24,56.3,2,0,11.1,3,3,6,6.0,3.0,0.11
Oliver Hoyte,3357,FB,DAL,10,2.0,0,100.0,,0,0,0,0.0,0,0,9,0,68.3,64.0,79.5,85.0,50.5,3.5,2,0,6,22.8,13,57,0,2,71.9,41,0.0,0,87.5,2,0,5.3,3,10,6,3.0,5.0,0.24
Corey McIntyre,1278,FB,ATL,1,1.5,0,50.0,,0,0,0,0.0,0,1,2,0,64.7,61.2,62.9,74.3,77.3,0.0,0,0,10,40.0,2,5,0,1,60.0,3,0.0,0,64.6,2,0,0.0,0,10,9,9.0,10.0,3.33
John Kuhn,2686,FB,PIT,1,6.0,0,100.0,,0,0,0,0.0,0,1,25,0,64.7,66.7,70.6,,81.8,0.0,0,0,15,0.0,0,1,0,1,100.0,1,0.0,0,118.8,1,0,0.0,0,15,9,9.0,15.0,15.0
Cory Ross,3487,HB,BLT,1,6.0,0,0.0,,0,0,0,,0,0,3,0,,,60.0,,60.0,0.0,0,0,0,0.0,0,1,0,0,100.0,1,0.0,0,39.6,1,0,0.0,0,0,0,,,0.0
Kevin Kasper,913,WR,DET,1,9.0,0,0.0,,0,0,0,,0,0,11,0,,,50.1,,50.5,0.0,0,0,0,0.0,0,23,0,0,100.0,23,4.3,1,39.6,1,0,95.7,22,0,0,,,0.0
Kay-Jay Harris,2630,HB,SL,1,-1.0,0,100.0,,0,0,0,0.0,0,1,26,0,64.7,68.2,60.1,,62.8,0.0,0,0,10,0.0,0,3,0,1,100.0,3,0.0,0,108.3,1,0,0.0,0,10,11,11.0,10.0,3.33
Dee Brown,905,HB,KC,5,-5.0,0,100.0,,0,0,0,0.0,0,0,16,0,68.3,22.3,37.1,69.5,58.3,0.0,0,0,5,30.4,7,23,1,1,65.2,15,4.3,1,87.5,1,0,4.3,1,5,10,10.0,5.0,0.33
Dane Looker,755,WR,SL,8,8.0,0,0.0,,0,0,0,,0,0,26,0,,61.9,55.5,,51.5,5.9,1,0,0,0.0,0,17,0,0,100.0,17,70.6,12,39.6,1,0,17.6,3,0,0,,,0.0
Derrick Lewis,1272,WR,HST,5,5.0,0,100.0,,0,0,0,0.0,0,0,13,0,64.7,61.2,55.5,,55.0,0.0,0,0,5,0.0,0,11,0,1,100.0,11,45.5,5,87.5,1,0,54.5,6,5,0,0.0,5.0,0.45
John Bronson,2506,FB,ARZ,1,16.0,1,100.0,,0,0,0,0.0,0,1,1,0,64.7,61.2,96.0,,94.9,100.0,1,0,25,0.0,0,1,0,1,100.0,1,0.0,0,118.8,1,0,0.0,0,25,9,9.0,25.0,25.0
Jerald Sowell,294,FB,TB,8,2.0,0,100.0,,0,0,0,0.0,0,0,30,0,64.7,61.2,52.1,78.3,59.0,0.0,0,0,6,38.5,5,13,1,1,61.5,8,0.0,0,91.7,1,0,0.0,0,6,4,4.0,6.0,0.75
Adam Jennings,3129,WR,ATL,5,27.0,0,0.0,,0,0,0,,0,0,2,0,,61.9,49.8,,53.5,0.0,0,0,0,0.0,0,14,1,0,85.7,12,50.0,7,39.6,1,0,50.0,7,0,0,,,0.0
Billy Bajema,2466,TE,SF,15,1.0,0,0.0,,0,0,0,100.0,1,0,28,0,28.0,,76.7,70.8,30.5,90.1,73,0,0,61.7,50,81,1,0,35.8,29,0.0,0,39.6,1,0,1.2,1,0,0,,,0.0
Charlie Johnson,3144,T,IND,5,11.0,0,0.0,,0,0,0,100.0,1,0,14,0,28.0,,37.0,25.6,28.6,9.4,5,0,0,92.5,49,53,3,0,5.7,3,0.0,0,39.6,1,0,0.0,0,0,0,,,0.0
David Anderson,3196,WR,HST,5,6.0,3,100.0,,0,0,0,0.0,0,1,13,0,64.7,61.2,78.4,,76.6,0.0,0,0,27,0.0,0,8,0,1,75.0,6,0.0,0,118.8,1,0,100.0,8,27,21,21.0,27.0,4.5
Marcus Vick,3541,QB,MIA,1,-3.0,0,0.0,,0,0,0,100.0,1,0,17,0,27.9,,33.6,,39.9,0.0,0,0,0,0.0,0,4,0,0,100.0,4,100.0,4,39.6,1,0,0.0,0,0,0,,,0.0
Grey Ruegamer,483,G,NYG,4,5.0,0,0.0,,0,0,0,,0,0,21,0,,,85.4,86.6,59.6,8.0,2,0,0,96.0,24,25,0,0,4.0,1,0.0,0,39.6,1,0,0.0,0,0,0,,,0.0
Dave Moore,30,TE,TB,6,4.0,0,100.0,,0,0,0,0.0,0,0,30,1,64.7,18.4,46.7,75.7,28.5,75.0,12,0,9,43.8,7,16,0,1,56.3,9,18.8,3,104.2,1,0,6.3,1,9,5,5.0,9.0,1.0
Michael Vick,773,QB,ATL,16,0.0,0,100.0,,0,0,1,0.0,0,0,2,7,,43.7,66.8,61.3,60.0,0.0,0,0,1,0.2,1,531,3,1,0.2,1,0.0,0,79.2,1,0,0.0,0,1,1,1.0,1.0,1.0
Chad Owens,2402,WR,JAX,1,17.0,0,0.0,,0,0,0,100.0,1,0,15,0,28.0,,34.3,,40.0,0.0,0,0,0,0.0,0,3,0,0,100.0,3,66.7,2,39.6,1,0,33.3,1,0,0,,,0.0
Will Buchanon,3259,WR,OAK,1,6.0,0,100.0,,0,0,0,0.0,0,1,23,0,64.7,61.2,83.9,,77.4,0.0,0,0,9,0.0,0,2,0,1,100.0,2,50.0,1,104.2,1,0,50.0,1,9,3,3.0,9.0,4.5
Rex Grossman,1338,QB,CHI,16,-12.0,0,100.0,,0,0,1,0.0,0,0,6,5,64.7,64.9,46.9,61.3,62.1,0.0,0,0,-4,0.2,1,529,3,1,0.2,1,0.0,0,79.2,1,0,0.0,0,-4,8,8.0,-4.0,-4.0
Cooper Wallace,3546,TE,TEN,2,0.0,0,100.0,,0,0,0,0.0,0,0,31,0,64.7,61.2,73.8,67.1,55.4,83.3,5,0,6,16.7,1,6,0,1,83.3,5,0.0,0,91.7,1,0,16.7,1,6,6,6.0,6.0,1.2
Kevin Everett,2303,TE,BUF,11,1.0,0,100.0,,0,0,0,0.0,0,0,4,0,64.7,61.2,42.8,48.8,44.2,91.2,52,0,1,56.1,32,57,4,1,43.9,25,7.0,4,79.2,1,0,0.0,0,1,0,0.0,1.0,0.04
Eric Shelton,2271,HB,CAR,3,4.0,0,100.0,,0,0,0,0.0,0,1,5,0,64.7,72.5,56.6,81.6,66.7,0.0,0,0,6,52.9,9,17,0,1,47.1,8,0.0,0,91.7,1,0,5.9,1,6,2,2.0,6.0,0.75
James Dearth,530,LS,NYJ,2,9.0,0,0.0,,0,0,0,,0,0,22,0,,,45.9,,55.3,100.0,2,1,0,0.0,0,2,0,0,100.0,2,0.0,0,0.0,1,0,0.0,0,0,0,,,0.0
Chad Slaughter,762,T,OAK,11,7.0,0,0.0,,0,0,0,,0,0,23,0,,,51.6,67.1,60.0,0.9,3,0,0,99.7,325,326,5,0,0.3,1,0.0,0,39.6,1,0,0.0,0,0,0,,,0.0
Walter Young,1524,WR,PIT,2,12.0,0,100.0,,0,0,0,0.0,0,1,25,0,64.7,61.2,67.9,,67.0,0.0,0,0,17,0.0,0,7,0,1,100.0,7,85.7,6,118.8,1,0,14.3,1,17,5,5.0,17.0,2.43
Darcy Johnson,3377,TE,NYG,1,6.0,0,0.0,,0,0,0,,0,0,21,0,,,57.9,70.2,55.2,75.0,3,0,0,25.0,1,4,0,0,75.0,3,25.0,1,39.6,1,0,0.0,0,0,0,,,0.0
Todd Devoe,1596,WR,DEN,1,29.0,0,0.0,,0,0,0,,0,1,10,0,,,55.7,,56.6,0.0,0,1,0,0.0,0,4,0,0,100.0,4,25.0,1,0.0,1,0,75.0,3,0,0,,,0.0
Ryan Neufeld,565,TE,BUF,5,13.0,0,100.0,,0,0,0,0.0,0,1,4,0,64.7,61.2,69.4,78.4,65.0,63.6,14,0,4,36.4,8,22,1,1,50.0,11,4.5,1,122.9,1,1,4.5,1,4,0,0.0,4.0,0.36
Devin Hester,3002,CB,CHI,1,3.0,0,0.0,,0,0,1,,0,0,6,0,,,57.7,,59.3,0.0,0,0,0,0.0,0,1,1,0,100.0,1,0.0,0,39.6,1,0,100.0,1,0,0,,,0.0
Ryan Moats,2294,HB,PHI,5,-1.0,0,0.0,,0,0,0,,0,0,24,0,,77.7,55.7,35.2,50.5,0.0,0,0,0,44.8,13,29,0,0,55.2,16,6.9,2,39.6,1,0,3.4,1,0,0,,,0.0
Dan Klecko,1429,DI,IND,1,4.0,0,100.0,,0,0,0,0.0,0,1,14,0,64.7,61.2,78.0,,81.0,0.0,0,0,2,0.0,0,1,1,1,100.0,1,0.0,0,118.8,1,1,0.0,0,2,0,0.0,2.0,2.0
Mike Vrabel,268,ED,NE,3,10.0,0,0.0,,0,0,1,,0,0,19,0,,,50.8,,47.4,100.0,4,0,0,0.0,0,4,4,0,100.0,4,0.0,0,39.6,1,0,0.0,0,0,0,,,0.0
DeAngelo Hall,1729,CB,ATL,1,-2.0,0,100.0,,0,0,0,0.0,0,0,2,1,64.7,18.4,25.7,,29.3,0.0,0,0,0,0.0,0,1,6,1,100.0,1,0.0,0,79.2,1,0,100.0,1,0,2,2.0,0.0,0.0
